"(PDH-CSV 4.0)","\\OUMUAMUA\Processor(_Total)\% Processor Time","\\OUMUAMUA\Processor(0)\% Processor Time","\\OUMUAMUA\Processor(1)\% Processor Time","\\OUMUAMUA\Processor(10)\% Processor Time","\\OUMUAMUA\Processor(11)\% Processor Time","\\OUMUAMUA\Processor(12)\% Processor Time","\\OUMUAMUA\Processor(13)\% Processor Time","\\OUMUAMUA\Processor(22)\% Processor Time","\\OUMUAMUA\Processor(23)\% Processor Time","\\OUMUAMUA\Processor Information(0,0)\Actual Frequency","\\OUMUAMUA\Processor Information(0,1)\Actual Frequency","\\OUMUAMUA\Processor Information(0,10)\Actual Frequency","\\OUMUAMUA\Processor Information(0,11)\Actual Frequency","\\OUMUAMUA\Processor Information(0,12)\Actual Frequency","\\OUMUAMUA\Processor Information(0,13)\Actual Frequency","\\OUMUAMUA\Processor Information(0,22)\Actual Frequency","\\OUMUAMUA\Processor Information(0,23)\Actual Frequency"
"09/29/2026 00:42:59.140","8.383156","2.240890","59.654970","39.482455","3.792621","2.240890","19.309941","3.792621","28.620332","3424.537467","5044.509781","4152.304116","3712.065246","3794.213956","4786.414308","3377.374822","4448.400264"
"09/29/2026 00:43:00.148","19.179881","20.987363","30.282967","64.366850","31.832235","27.184432","73.662454","20.987363","70.563919","4724.357972","4915.826266","4107.047570","4036.976221","4168.060011","3929.389544","4570.131072","4306.372243"
"09/29/2026 00:43:01.157","8.885416","7.078608","14.822057","5.529918","11.724678","5.529918","64.380133","3.981228","67.477513","3750.317761","4494.651313","3976.121256","3682.170850","3902.376968","3975.806902","3901.510016","3901.964890"
"09/29/2026 00:43:02.160","8.691704","6.550142","15.895128","8.107640","8.107640","12.780133","53.275071","6.550142","90.655014","3772.882726","4526.468699","3962.488605","3989.578343","3990.471016","4212.970012","4102.815739","3890.370745"
"09/29/2026 00:43:03.167","8.634495","41.029485","28.614639","5.336804","9.992371","6.888660","67.411031","6.888660","48.788763","4947.024859","4885.351362","3909.351224","4021.600721","3955.050707","3977.635878","4189.426673","4674.903944"
"09/29/2026 00:43:04.180","12.412914","62.958763","62.958763","13.570447","12.027062","12.027062","27.460911","10.483678","36.721220","5097.045063","5038.076098","4069.750232","4073.111600","4034.195577","4751.952796","3876.008612","4409.058169"
"09/29/2026 00:43:05.184","11.527495","11.333052","9.777492","73.555472","62.666548","8.221931","31.555338","5.110810","31.555338","4161.878559","4389.491492","4196.516633","3612.704754","4169.615672","4523.948648","3991.706626","4494.060203"
"09/29/2026 00:43:06.192","12.746564","16.298703","16.298703","51.949256","41.099088","20.948775","58.149352","11.648631","45.749160","4430.490810","4712.218973","3786.468522","3587.762381","4028.107815","4265.959701","4250.715851","4476.274145"
"09/29/2026 00:43:07.198","11.516503","16.112212","17.665689","6.791347","11.451779","30.093510","100.000000","13.005257","44.074808","3861.491536","4412.340382","4139.154426","3983.122255","4172.057866","3768.535944","3979.028141","4586.227081"
"09/29/2026 00:43:08.204","12.291220","9.896214","30.091890","14.556755","5.235674","22.324323","90.678919","28.538377","62.715675","4115.368656","4730.833934","4532.399537","4193.787222","4512.339064","4311.809399","4280.092069","4139.367615"
"09/29/2026 00:43:09.209","12.548986","6.718924","17.601716","14.492347","16.047032","6.718924","100.000000","25.375139","92.226577","3873.872920","4511.979813","4505.924557","4095.997484","4176.559649","5074.810894","4264.562884","3264.068316"
"09/29/2026 00:43:10.220","13.855619","13.469317","21.195271","18.104889","19.650080","18.104889","86.093283","32.011606","87.638474","4142.856149","4676.324682","4448.138262","3977.331332","4115.702383","4516.929516","4038.084213","4083.341120"
"09/29/2026 00:43:11.228","10.318576","5.476169","20.971879","10.124882","11.674453","8.575311","98.450429","11.674453","48.864157","3695.514418","4389.739413","4133.369058","3941.529842","3931.332581","3691.195709","3771.450169","4818.524544"
"09/29/2026 00:43:12.239","11.515450","52.086966","45.904639","14.993004","8.810677","8.810677","39.722312","14.993004","38.176730","5026.179764","5014.009932","4144.629243","3804.973984","3897.771425","4214.728018","3738.380720","4549.843750"
"09/29/2026 00:43:13.246","13.961238","47.212313","48.764892","31.686523","37.896839","16.160733","31.686523","13.055575","48.764892","5012.159686","4955.340551","4133.277606","3537.082380","4070.109716","4648.605504","3986.339101","4579.087029"
"09/29/2026 00:43:14.247","11.610847","11.090904","15.770330","62.564591","70.363635","11.090904","37.607652","12.650712","25.129182","4420.570480","4585.065826","3872.213522","3483.950374","3846.148779","4305.368518","4145.105902","4399.026074"
"09/29/2026 00:43:15.255","10.942696","13.203038","17.852875","27.152550","36.452224","24.052658","64.351248","7.003255","38.002170","4063.687607","4418.602139","4165.054112","3698.398313","4064.262836","4028.564063","3769.232470","4655.004609"
"09/29/2026 00:43:16.262","11.257059","16.172852","22.382271","8.411079","14.620498","20.829916","100.000000","11.515789","59.638781","4126.191392","4503.022376","3986.679233","4066.995535","4176.670629","3723.707659","3856.373704","4647.334101"
"09/29/2026 00:43:17.270","9.865291","10.059126","14.711240","3.856307","5.407012","8.508422","36.421106","33.319697","84.492953","3864.886290","4459.691836","3692.368495","3646.014301","4040.669149","4366.874952","4221.852970","3600.524400"
"09/29/2026 00:43:18.276","9.438986","8.403999","6.851525","6.851525","9.956474","6.851525","28.586169","13.061423","98.447525","3779.218634","4332.782818","3621.846003","3766.556333","3857.055578","4713.465914","4304.089981","3356.761096"
"09/29/2026 00:43:19.279","9.481416","8.118768","9.676077","20.577240","17.462622","15.905313","93.770764","3.446841","23.691858","3907.997480","4386.898858","4304.539917","3927.740128","4179.847109","3796.589883","3857.971595","4691.956897"
"09/29/2026 00:43:20.286","9.877150","27.021846","37.890933","13.047306","17.705486","11.494580","73.603647","5.283673","30.127300","4798.119992","4899.141954","4111.194453","3901.687523","4194.181113","3815.380325","3595.049805","4581.072427"
"09/29/2026 00:43:21.297","10.801334","52.118462","70.653251","5.781490","4.236924","2.692358","21.227147","5.781490","18.138016","5041.076284","5015.736563","3709.478799","3584.621117","3666.544365","4545.042017","3461.803339","4605.457189"
"09/29/2026 00:43:22.301","8.301818","11.284926","39.300213","40.856617","42.413022","5.059307","26.848974","5.059307","19.066950","4306.353889","4907.212649","4309.162959","3743.822665","3612.013772","4563.952864","3507.295902","4469.199536"
"09/29/2026 00:43:23.308","8.064873","8.452790","6.901143","75.173638","48.795628","8.452790","20.865971","5.349495","13.107733","3568.276923","4074.011395","4025.836238","3728.224956","3855.682903","4566.794705","3419.909562","4503.564969"
"09/29/2026 00:43:24.317","8.527904","5.493892","11.691014","48.873745","8.592453","22.535977","59.718708","7.043173","27.183819","3802.374861","4345.695561","3941.344021","3988.091352","4059.859395","4116.703373","3372.983986","4591.517917"
"09/29/2026 00:43:25.328","12.225538","15.056979","28.956746","18.145816","10.423723","22.779072","98.455581","11.968142","42.856513","4322.873584","4734.861137","4275.914484","3885.481491","4139.295780","3646.368897","4175.427553","4497.119778"
"09/29/2026 00:43:26.334","16.364260","19.212532","25.426953","20.766138","19.212532","28.534163","84.463949","33.194979","61.159871","4631.305246","4883.678529","4475.955090","3801.704216","3664.896871","3760.822776","4304.889235","4258.286880"
"09/29/2026 00:43:27.342","7.966104","10.034278","14.687677","3.829745","3.829745","13.136544","39.505807","50.363739","73.630737","4113.121095","4448.518781","4001.875418","3924.742325","3944.181947","4711.586839","3787.503145","3417.456522"
"09/29/2026 00:43:28.347","8.804532","11.458197","14.564927","5.244737","6.798102","8.351467","33.205306","3.691372","100.000000","3810.925827","4382.313382","3712.020654","3872.295146","3950.300069","4788.180233","4448.980243","3341.988629"
"09/29/2026 00:43:29.360","8.617942","7.396094","13.569687","21.286680","18.199883","22.830078","78.392422","4.309297","36.720664","3972.897913","4390.949522","4141.745725","4056.114715","4086.359036","3870.021821","2795.795912","4114.566244"
"09/29/2026 00:43:30.373","7.002742","4.367703","15.164898","10.537529","12.079985","8.995073","98.457544","0.000000","21.334724","3618.616126","4294.618183","4027.232191","4107.906574","3977.910983","3690.786696","2440.854853","4619.518799"
"09/29/2026 00:43:31.387","8.201956","27.588677","58.402006","10.641346","9.100680","6.019347","47.617341","0.000000","15.263345","4936.294786","5049.243122","3990.045337","4004.183440","3733.244037","4241.463960","2446.830856","4661.826827"
"09/29/2026 00:43:32.387","7.528343","29.718937","76.572979","4.730114","4.730114","1.606511","23.471731","0.044710","23.471731","4901.329010","5071.026147","3584.100781","3833.593103","3640.825176","4641.960735","2331.863231","4682.237883"
"09/29/2026 00:43:33.389","9.857872","7.973142","9.532919","76.603341","51.646905","7.973142","14.212251","0.174256","22.011137","3853.591357","4158.063175","4207.924647","3870.073808","3849.513056","4554.932526","2475.619560","4658.227633"
"09/29/2026 00:43:34.392","8.233729","1.804248","15.832213","87.530698","18.949538","6.480236","18.949538","1.804248","31.418840","3770.786323","4036.015138","4005.383600","4104.577388","3731.589875","4590.915995","2574.527061","4538.412124"
"09/29/2026 00:43:35.405","7.656635","2.904611","12.151791","4.445807","4.445807","30.646151","95.376410","0.000000","19.857774","3984.368979","4239.334907","3976.233388","4009.951068","4072.099005","3857.561967","2496.963307","4546.815372"
"09/29/2026 00:43:36.406","8.136654","7.876425","14.122091","4.753591","7.876425","20.367757","98.438583","1.630758","23.490590","3854.474826","4304.887519","3838.626875","4113.406552","4255.846601","3713.611401","2519.528466","4698.829523"
"09/29/2026 00:43:37.412","9.257941","9.905172","9.905172","6.798454","13.011890","6.798454","20.778686","26.992122","96.893282","4080.271340","4303.307756","3855.886836","4138.124136","3982.557561","4619.623800","4323.853494","3590.742470"
"09/29/2026 00:43:38.413","9.487525","7.926965","12.608645","11.048085","11.048085","4.805845","36.017044","12.608645","100.000000","4003.970368","4346.625665","3974.912687","4104.203814","3978.430483","4700.018591","4252.642412","3372.366300"
"09/29/2026 00:43:39.422","10.854397","7.045855","17.890505","14.792034","14.792034","7.045855","70.564521","33.382863","56.621399","4217.293356","4521.252726","4297.844148","3865.369639","3983.427529","3969.234312","4331.181548","4006.359831"
"09/29/2026 00:43:40.432","7.808490","7.163796","19.541957","14.900146","17.994687","8.711066","98.452730","-1","19.541957","3778.230763","4322.221453","4262.022941","4216.374484","4110.525042","3691.095931","2874.186813","4754.461294"
"09/29/2026 00:43:41.443","9.513729","42.810098","44.355771","7.259618","10.350964","5.713945","52.084136","11.896637","28.899041","5004.247301","4962.970926","3866.318991","3885.405903","3824.784739","3899.099930","2203.558282","4691.832668"
"09/29/2026 00:43:42.446","12.760906","43.917725","39.244202","34.570679","29.897157","9.645224","31.454998","0.298178","28.339316","4969.975794","4890.996639","4394.543563","4054.722827","3687.308990","4413.114710","4315.084572","4538.506652"
"09/29/2026 00:43:43.450","7.920829","3.511408","6.623943","71.987183","42.418098","9.736478","20.630352","-1","23.742887","3661.888349","4193.516470","4073.755711","3824.996660","3731.069154","4462.148399","2700.603301","4457.343439"
"09/29/2026 00:43:44.458","13.602878","10.116004","11.665728","13.215452","7.016556","42.660209","98.450276","22.513796","33.361865","4171.494355","4425.685122","4169.405733","3996.684203","4163.786888","3869.062001","3339.639506","4509.617509"
"09/29/2026 00:43:45.464","7.235897","6.847758","20.820594","8.400295","11.505370","16.162982","53.423879","0.637608","76.711939","3946.146379","4426.826070","3760.516112","3919.440572","3983.401328","4191.041895","4400.722073","3844.452508"
"09/29/2026 00:43:46.473","9.747017","8.584966","10.134374","10.134374","10.134374","8.584966","30.276669","22.529632","95.351778","3738.558773","4314.068331","3904.222924","3904.059484","3804.069542","4811.629326","4580.829714","3539.404883"
"09/29/2026 00:43:47.478","8.974214","8.326796","14.541928","20.757061","22.310844","16.095711","100.000000","-1","23.864627","4004.285015","4391.404314","4389.039458","4141.892136","4146.907650","3799.545503","2319.663244","4723.925390"
"09/29/2026 00:43:48.485","9.171691","31.684690","64.289724","5.290139","5.290139","6.842760","41.000414","25.474208","19.263725","4936.956492","5075.642019","3904.170009","4039.830383","3896.851196","4131.541976","2084.285516","4613.172300"
"09/29/2026 00:43:49.498","10.609603","19.799274","32.137847","53.730350","44.476421","5.918379","25.968561","-1","32.137847","4723.097120","4887.326540","4212.245157","3991.429258","3903.157189","4712.499429","2557.332745","4771.079258"
"09/29/2026 00:43:50.504","10.350779","8.410315","9.962683","34.800563","39.457666","23.933990","45.667136","3.753212","20.829255","3896.383094","4205.838447","4145.323409","3772.868742","3963.019302","4457.118290","2224.511832","4592.844764"
"09/29/2026 00:43:51.513","8.935960","13.260050","14.808978","7.064339","2.417556","14.808978","98.451072","0.000000","25.651472","3919.662339","4276.075195","3803.463103","4100.331524","4334.341835","3759.986234","2274.495812","4684.362264"
"09/29/2026 00:43:52.520","7.967178","8.419905","11.524315","3.763290","9.972110","6.867700","25.494160","28.598570","95.343385","3988.296758","4347.364769","3905.557099","4071.483531","4066.651646","4743.852245","4300.826013","3667.958630"
"09/29/2026 00:43:53.521","10.409146","11.059295","14.180022","18.861112","17.300748","17.300748","56.309829","7.938569","73.473825","4100.892225","4412.366614","4167.235727","4161.074216","4077.006759","4102.936597","3982.312751","3767.516834"
"09/29/2026 00:43:54.523","11.787943","11.138372","26.728131","6.461444","22.051203","8.020420","84.410241","8.020420","31.405059","4318.259686","4639.616690","4210.008221","4201.356968","4110.937322","3781.920253","2513.320911","4589.635500"
"09/29/2026 00:43:55.538","7.497978","38.417517","83.064817","13.784524","7.626276","6.086714","27.640583","0.000000","18.403211","4975.561795","5121.518680","3738.221868","3907.364495","3717.263620","4567.039427","2134.688913","4544.173760"
"09/29/2026 00:43:56.545","7.693967","72.055918","45.664286","8.405510","5.300612","6.853061","16.167755","2.195714","17.720204","5107.311132","4990.867699","3590.203380","3754.963302","3660.628502","4569.975614","2164.127182","4613.738956"
"09/29/2026 00:43:57.551","7.791850","16.197921","90.688658","5.334689","3.782799","3.782799","17.749812","0.679018","25.509263","4685.291328","5133.563046","3673.688767","3842.253331","3908.995261","4493.348833","3133.605317","4509.936177"
"09/29/2026 00:43:58.554","14.558900","68.836072","53.254107","18.973786","9.624608","20.531983","45.463125","1.833626","40.788536","5102.695512","5019.703668","4296.010281","4025.846428","4383.056052","4521.222246","4092.632498","4464.023796"
"09/29/2026 00:43:59.564","6.496546","28.808404","79.880636","2.498466","8.689040","10.236683","21.070187","0.000000","21.070187","4886.705602","5113.962184","3535.161861","3646.429785","3752.285816","4357.427954","2931.876161","4412.565621"
"09/29/2026 00:44:00.567","12.106636","11.197850","57.935824","43.914432","34.566837","8.081985","43.914432","3.408188","34.566837","4125.796599","5008.510691","4357.164713","3906.122864","3894.198000","4620.800916","2396.091728","4601.474312"
"09/29/2026 00:44:01.582","10.117196","4.535601","7.615098","50.728052","66.125536","7.615098","24.552330","44.569059","23.012581","3546.448886","4095.065239","4157.800289","3618.330384","3656.220969","4494.495319","2069.270510","4620.287563"
"09/29/2026 00:44:02.587","7.122753","8.352487","8.352487","79.806480","36.312745","11.459182","19.225921","-1","31.652702","3648.283902","4100.436137","4065.424838","3794.089265","3917.347615","4407.427342","2143.312772","4643.582884"
"09/29/2026 00:44:03.598","9.197606","7.265645","10.356790","100.000000","10.356790","4.174500","16.539081","0.000000","18.084653","3507.459796","4040.360942","4003.380402","3839.853404","3699.981331","4547.165462","2166.519870","4562.824820"
"09/29/2026 00:44:04.608","7.450685","5.580351","11.771803","76.782054","28.798298","5.580351","14.867530","0.000000","24.154708","3472.791423","4053.622455","4057.317182","3839.984183","3759.368579","4551.309076","2150.159475","4673.566376"
"09/29/2026 00:44:05.616","14.787209","16.336533","22.533827","95.352030","19.435180","20.984503","47.323002","25.632474","47.323002","4424.125833","4676.601770","3785.089507","4082.510983","3837.579983","4669.942021","4046.255819","4441.188465"
"09/29/2026 00:44:06.624","13.048396","16.278389","19.379189","68.991996","50.387193","19.379189","30.231990","-1","36.433591","4427.660429","4530.195304","3890.713988","3686.085014","3851.750110","4501.684370","4617.492774","4525.467259"
"09/29/2026 00:44:07.630","9.022316","8.375250","8.375250","67.387801","8.375250","20.798945","39.434487","6.822288","22.351907","3692.815375","4115.070349","3995.623789","4241.330871","4027.422955","4396.121468","2252.764368","4418.830216"
"09/29/2026 00:44:08.633","9.372623","6.516176","18.980686","8.074240","8.074240","17.422623","100.000000","1.841985","40.793578","3729.373988","4345.075833","3881.826239","4016.653969","4323.070212","3804.490894","2047.796421","4819.630446"
"09/29/2026 00:44:09.641","12.210228","20.931064","14.729579","8.528094","17.830322","22.481435","95.348886","-1","100.000000","4695.206230","4692.951487","4418.851184","4180.524513","4254.676425","3695.576532","2215.898215","4984.822700"
"09/29/2026 00:44:10.649","12.063219","8.576744","17.874024","11.675837","14.774930","13.225384","98.450453","0.829010","92.252266","4152.573405","4506.302371","4241.682771","4281.428819","4271.887279","3671.182128","2725.171201","4935.970988"
"09/29/2026 00:44:11.655","10.849946","9.878805","22.309314","9.878805","6.771177","6.771177","98.446186","53.385589","37.847451","3881.770886","4380.743953","3914.382458","3990.195704","4214.513453","3720.319001","2769.554591","4819.429004"
"09/29/2026 00:44:12.666","6.768643","5.738469","18.100637","5.738469","7.283740","8.829011","100.000000","-1","25.826992","3482.424012","4243.114060","3597.766787","3910.177933","3907.413795","3777.149061","2301.144695","4612.966174"
"09/29/2026 00:44:13.678","7.444665","12.011323","12.011323","4.293018","5.836679","8.924001","100.000000","8.924001","19.729628","3816.102972","4356.744597","3729.754602","3807.231123","4114.336613","3785.609344","2070.741470","4579.138109"
"09/29/2026 00:44:14.684","10.195254","5.209700","14.533336","6.763639","6.763639","8.317578","100.000000","64.259395","20.749093","3729.912009","4305.194310","3691.625276","3827.084731","3918.391459","3769.637662","2489.667925","4494.494329"
"09/29/2026 00:44:15.694","6.656414","4.144064","18.058635","2.598000","4.144064","10.328318","35.065333","-1","81.447238","3909.738217","4369.149543","3629.336431","3848.532127","3910.755642","4408.803150","4394.872251","3712.037453"
"09/29/2026 00:44:16.703","9.075492","8.558879","24.057374","8.558879","7.009029","14.758277","25.607224","3.909330","100.000000","3932.474217","4465.061152","3988.303867","4111.390123","4052.325241","4701.217414","4140.162270","3405.391745"
"09/29/2026 00:44:17.717","8.544562","7.581865","16.823679","6.041563","1.420656","7.581865","21.444586","10.662470","100.000000","3636.128478","4363.202165","3717.438668","3865.741625","3892.100172","4720.545021","4017.779220","3400.889956"
"09/29/2026 00:44:18.723","7.689720","11.506337","9.953817","5.296256","2.191215","6.848776","14.611378","13.058858","100.000000","3661.695360","4342.036151","3773.549937","3905.840930","3880.891939","4664.468802","4412.282894","3430.229315"
"09/29/2026 00:44:19.729","8.258775","8.323514","17.646546","8.323514","8.323514","3.661998","26.969579","3.661998","100.000000","3654.729961","4387.151826","3763.807217","4030.488395","3955.430368","4719.442542","4200.837278","3444.774110"
"09/29/2026 00:44:20.737","6.456804","3.872745","11.624943","2.322305","5.423185","6.973624","22.478020","13.175383","100.000000","3847.140312","4266.499839","3830.776336","3960.072482","3984.779551","4708.016009","4174.591224","3445.097367"
"09/29/2026 00:44:21.750","6.570898","5.928334","10.554809","4.386175","9.012650","5.928334","16.723443","-1","100.000000","3561.211072","4300.177892","3726.661741","3884.959648","3904.100829","4523.251489","3690.235400","3443.223291"
"09/29/2026 00:44:22.755","9.327201","8.290937","11.399719","3.627764","9.845328","11.399719","22.280455","17.617282","100.000000","3817.929518","4204.409373","3746.899878","3982.497658","4015.808418","4522.478263","4345.011761","3435.158836"
"09/29/2026 00:44:23.761","9.146416","8.304583","19.183701","20.737860","20.737860","19.183701","61.146010","0.000000","50.266893","3971.220590","4369.019528","4271.144666","4141.483758","4185.397020","4054.572800","4355.147481","3880.408372"
"09/29/2026 00:44:24.770","9.675070","10.191209","14.836492","5.545927","5.545927","5.545927","100.000000","36.514475","24.127056","3756.335167","4300.577636","3991.131052","4256.381995","4156.939484","3725.087776","2561.422650","4777.640863"
"09/29/2026 00:44:25.777","9.059107","13.131085","17.784777","16.233547","10.028624","14.682316","100.000000","0.000000","27.092161","3884.831509","4333.271854","4185.340935","4009.970618","4021.001790","3735.045486","2595.123703","4808.649413"
"09/29/2026 00:44:26.785","7.847074","8.557437","11.657185","8.557437","8.557437","10.107311","100.000000","-1","28.705798","3714.920292","4320.747198","3930.739208","3965.138781","3948.562614","3759.246796","2515.390558","4746.591412"
"09/29/2026 00:44:27.796","6.944057","5.720483","16.539444","5.720483","8.811615","7.266049","100.000000","1.083785","14.993878","3657.478997","4328.921764","3779.552737","3969.690890","3852.599382","3774.581828","2029.455944","4657.099049"
"09/29/2026 00:44:28.804","10.502756","7.015845","13.214789","5.466109","14.764525","7.015845","100.000000","53.507923","22.513204","3821.180133","4340.467308","3795.238819","3977.244186","4035.161210","3787.571657","3535.841029","4699.228181"
"09/29/2026 00:44:29.813","6.255491","5.480743","16.327215","8.579735","2.381751","7.030239","100.000000","-1","27.173688","3661.318079","4281.975919","3866.651790","3952.716018","3895.063300","3773.093408","2401.033175","4636.407738"
"09/29/2026 00:44:30.816","6.342013","12.767620","31.460273","3.421294","9.652178","11.209899","81.307347","-1","26.787110","3860.534689","4770.634649","3762.276687","3880.929744","3818.332191","3898.232321","2289.379310","4590.722274"
"09/29/2026 00:44:31.826","10.264423","81.434019","28.830405","7.170093","4.075763","7.170093","11.811588","67.509533","18.000249","5122.568894","4826.348473","3599.694360","3655.418577","3633.141027","4317.124837","2013.288909","4657.136150"
"09/29/2026 00:44:32.832","7.442405","100.000000","14.621923","5.307951","9.964937","6.860279","9.964937","-1","13.069594","5152.881896","4110.505628","3439.148229","3842.524888","3670.755382","4500.156630","2090.379397","4692.114443"
"09/29/2026 00:44:33.841","5.729239","100.000000","11.730049","5.535667","11.730049","8.632858","14.827241","-1","17.924432","5152.116339","4161.142787","3453.031853","3754.598078","3619.457782","4451.385598","2190.083431","4820.150733"
"09/29/2026 00:44:34.847","8.766202","100.000000","14.529018","5.204911","5.204911","6.758928","9.866964","14.529018","14.529018","5153.217362","4214.740748","3411.748076","3645.728187","3657.422381","4464.647404","2188.262162","4682.858573"
"09/29/2026 00:44:35.852","10.222240","90.672440","12.942773","19.161146","5.169806","3.615213","16.051960","0.506026","22.270333","5134.640250","4153.864314","4252.266616","3813.777576","3797.828354","4628.394850","2304.310393","4710.768191"
"09/29/2026 00:44:36.856","4.959189","8.200692","8.200692","96.888159","11.312533","6.644771","15.980294","-1","20.648056","3859.396595","4121.008424","4320.493798","3994.063894","3853.185085","4667.076509","2600.775758","4739.988907"
"09/29/2026 00:44:37.865","10.102401","7.069240","10.166932","100.000000","5.520394","7.069240","21.008854","11.715778","19.460008","3721.840974","4152.268003","4216.309409","3910.648214","3870.558994","4616.775076","3907.059385","4734.355761"
"09/29/2026 00:44:38.867","11.551408","8.044641","12.720338","100.000000","8.044641","8.044641","25.188861","18.954599","26.747426","3629.229732","4080.038460","4238.102451","3709.331749","3766.162468","4509.582946","2096.250726","4605.340090"
"09/29/2026 00:44:39.875","5.812697","2.324273","3.874681","100.000000","3.874681","5.425090","24.029990","-1","17.828357","3506.779607","4184.649404","4235.510908","3759.890892","3961.935154","4546.381413","2264.419387","4742.243050"
"09/29/2026 00:44:40.881","10.255857","9.932339","8.379448","100.000000","5.273667","3.720776","9.932339","59.624841","19.249683","3644.970385","4053.221531","4250.989464","3764.683990","3802.960518","4436.738790","2242.433460","4668.937976"
"09/29/2026 00:44:41.892","6.892859","4.122196","11.854277","96.907168","11.854277","5.668612","18.039942","-1","30.411271","3572.849803","4187.795026","4221.784171","3885.016756","3760.115951","4502.201858","2669.247738","4716.541904"
"09/29/2026 00:44:42.897","14.562137","19.161146","33.152486","23.824926","12.942773","20.715740","93.781627","0.000000","61.135167","4637.972724","4914.394389","4542.635849","4066.794461","4437.776412","3911.005816","4133.808066","4508.592112"
"09/29/2026 00:44:43.910","11.378367","15.170015","30.593649","7.458198","15.170015","18.254742","100.000000","0.000000","41.390192","4490.922440","4697.116625","4131.214348","3936.559417","3996.885558","3767.480937","4158.439940","4388.188126"
"09/29/2026 00:44:44.919","8.123292","10.187934","13.284902","7.090966","13.284902","11.736418","100.000000","0.897031","34.963676","3991.318915","4398.037571","3931.114516","4042.398283","3958.418759","3908.669974","2002.069939","4595.805919"
"09/29/2026 00:44:45.925","11.062495","3.683396","19.218332","3.683396","6.790383","9.897370","100.000000","13.004357","53.395191","3901.321267","4419.033624","3724.741558","3813.026131","3901.555959","3900.073164","2394.375987","4681.597258"
"09/29/2026 00:44:46.929","7.604836","6.697739","11.362852","5.142701","5.142701","8.252777","100.000000","33.133380","26.913229","3802.431276","4281.712212","3832.246395","3940.204217","3904.266142","3925.886978","2574.524972","4569.642691"
"09/29/2026 00:44:47.932","6.437267","4.943895","9.618785","4.943895","8.060488","4.943895","100.000000","-1","31.434941","3668.883299","4258.993699","3602.985302","3892.011167","3739.703054","3948.831393","2144.137112","4582.000111"
"09/29/2026 00:44:48.933","13.574636","17.281369","18.842098","17.281369","18.842098","26.645742","82.831982","-1","57.860320","4505.316984","4673.314972","4311.786378","4018.926043","4141.848629","3913.547057","4304.845979","4358.716263"
"09/29/2026 00:44:49.936","8.425117","9.594153","17.387760","1.800545","3.359267","8.035431","23.622646","18.946482","100.000000","4144.924817","4424.294521","3686.915956","3999.895893","3913.929364","4844.533592","2126.226300","3709.733194"
"09/29/2026 00:44:50.940","9.863821","8.243837","9.799026","5.133458","8.243837","6.688647","37.792432","-1","100.000000","4131.788405","4388.834181","3917.407920","4124.795684","3972.391801","4781.855962","2501.730000","3593.638631"
"09/29/2026 00:44:51.951","9.341147","5.668398","16.493336","5.668398","4.121978","4.121978","21.132595","4.121978","100.000000","3887.397317","4296.757489","3687.253119","3748.033109","3927.352524","4648.499594","2896.046819","3668.495751"
"09/29/2026 00:44:52.958","8.100192","6.936908","13.141114","0.732702","5.385856","10.039011","19.345320","-1","100.000000","3796.676412","4316.828714","3586.519956","4016.957878","3942.557452","4604.941903","2348.680735","3668.540205"
"09/29/2026 00:44:53.974","5.608734","4.647512","12.337229","4.647512","6.185456","9.261342","23.102832","0.000000","100.000000","3821.073279","4362.997459","3620.459413","3875.820826","3917.916247","4524.001625","2648.895330","3677.856845"
"09/29/2026 00:44:54.976","8.806404","8.026972","15.821296","3.350377","6.468107","8.026972","15.821296","14.262431","100.000000","3845.638981","4355.633857","3664.500700","3876.687642","4006.237598","4590.400842","2636.262683","3694.669683"
"09/29/2026 00:44:55.977","8.274757","9.445723","12.568284","3.200600","1.639320","11.007004","28.181091","0.000000","93.754877","3748.154524","4385.507854","3614.831400","3821.560809","3892.899891","4567.087944","2168.506861","3730.250913"
"09/29/2026 00:44:56.986","7.634651","5.504630","22.544779","0.857317","5.504630","0.857317","100.000000","11.701048","30.290301","3997.233067","4479.331201","3731.540274","4095.647170","3971.440107","4075.308304","2359.963470","4544.013636"
"09/29/2026 00:44:57.986","12.771228","17.197759","39.070049","17.197759","12.510840","10.948533","100.000000","-1","56.255420","4586.839113","4851.533597","4359.946066","4121.607470","4344.300162","3832.302922","4112.861116","4531.368969"
"09/29/2026 00:44:58.998","7.525424","4.310044","19.743908","5.853430","8.940203","4.310044","100.000000","0.000000","27.460839","3908.904238","4442.503555","3618.144015","3857.700105","3906.010450","3957.660982","3028.764477","4577.144298"
"09/29/2026 00:45:00.005","9.489136","3.731109","17.705625","6.836557","11.494729","6.836557","100.000000","51.865554","30.127418","3945.209818","4373.061558","3500.119752","3861.479868","3794.340528","3969.914042","2559.889140","4611.840535"
"09/29/2026 00:45:01.013","5.824073","5.501332","20.992917","3.952173","3.952173","7.050490","100.000000","-1","13.247124","3726.645474","4398.309093","3412.548582","3645.962407","3738.771924","3994.914298","2400.392308","4383.548990"
"09/29/2026 00:45:02.015","12.220885","4.808431","14.171536","3.247914","6.368949","4.808431","100.000000","20.413607","15.732054","3876.815453","4450.308820","3544.183552","3776.889769","3779.072283","3996.015758","2285.261236","4517.860560"
"09/29/2026 00:45:03.018","5.986526","42.385119","47.056596","6.570463","3.456145","9.684781","56.399550","3.456145","25.256371","4948.935613","5011.253800","3545.054951","3677.550515","3771.943631","4135.342564","2626.340720","4631.352185"
"09/29/2026 00:45:04.029","6.454764","62.891146","56.706337","5.681662","2.589258","1.043056","13.412674","-1","21.143685","5085.257834","5031.524464","3157.641153","3470.064674","3618.576739","4508.777297","2353.685742","4475.407122"
"09/29/2026 00:45:05.034","10.673362","50.287784","59.608825","6.789595","5.236088","5.236088","17.664142","19.217649","19.217649","5021.791090","5073.296010","3622.299075","3558.814203","3728.617381","4553.388880","2341.036379","4611.291944"
"09/29/2026 00:45:06.040","5.333164","31.669046","78.258333","3.715474","8.374403","5.268451","16.139284","-1","14.586308","4880.137812","5123.720263","3559.747768","3509.313877","3673.130522","4548.409498","2183.032143","4604.227909"
"09/29/2026 00:45:07.046","6.223661","61.142404","45.599365","5.187465","2.078858","2.078858","14.513289","0.000000","19.176200","5101.980795","5015.886345","3477.401988","3617.264514","3816.888795","4545.712251","2334.462848","4744.155773"
"09/29/2026 00:45:08.052","9.034622","42.548177","42.548177","22.362401","20.809649","9.940385","19.256897","0.623873","22.362401","5026.636265","4993.799789","4377.058743","4162.096179","3933.785669","4657.783351","2784.343535","4693.830095"
"09/29/2026 00:45:09.058","9.108839","5.224602","12.993077","67.372404","59.603929","6.778297","17.654162","6.778297","22.315247","4086.828688","4095.416050","4260.949609","3970.239704","3763.129862","4494.613356","2470.015332","4702.315415"
"09/29/2026 00:45:10.066","14.523408","8.583951","19.429923","75.209207","42.671291","11.682800","96.901151","17.880498","25.627621","4342.972421","4412.727067","4169.919175","3642.805689","4083.501447","4963.529033","3370.858413","4692.078208"
"09/29/2026 00:45:11.076","9.560702","5.628563","7.175635","44.305381","61.323181","4.081490","81.435127","-1","27.287581","4121.097141","4190.805564","4158.364204","3611.540543","4008.375325","4904.468939","2597.797740","4755.296532"
"09/29/2026 00:45:12.091","11.071632","6.067000","12.226541","56.883213","47.643902","6.067000","29.165279","49.183787","44.564131","4127.002786","4256.922333","4058.632443","3834.182261","4308.003633","4620.533428","2278.292553","4898.545986"
"09/29/2026 00:45:13.098","7.726147","8.437442","6.885534","45.683228","56.546583","3.781719","17.748889","3.781719","16.196981","3947.059380","4123.154377","4214.091037","3766.321221","3912.708457","4529.675102","2348.720141","4619.007981"
"09/29/2026 00:45:14.106","5.716977","0.809090","10.108238","47.304829","59.703693","7.008522","16.307670","-1","17.857528","3733.445002","4051.202591","4226.571958","3753.847903","3717.851502","4433.969182","2244.497396","4428.448580"
"09/29/2026 00:45:15.112","13.066368","9.894557","14.555183","36.304773","14.555183","36.304773","59.607905","95.339374","19.215810","3853.609691","4265.023108","4205.044354","3903.416699","3956.651165","4156.918923","2079.404419","4561.406159"
"09/29/2026 00:45:16.117","7.092467","8.322602","25.414998","9.876456","3.661040","19.199582","96.892292","-1","37.845832","4176.674664","4614.907792","4117.426497","4063.992355","4497.035550","3862.306341","2637.203485","4656.517458"
"09/29/2026 00:45:17.119","11.391901","15.809310","23.604744","15.809310","17.368397","25.163831","96.881826","0.000000","45.431960","4274.443848","4591.033794","4089.826469","4062.709448","4098.273066","3802.764238","4112.212497","4624.105298"
"09/29/2026 00:45:18.126","10.021504","5.367444","13.124211","6.918798","10.021504","11.572858","100.000000","13.124211","23.983685","3925.746722","4391.213211","3671.294958","3731.329731","4253.921284","3794.221885","2513.681024","4397.255458"
"09/29/2026 00:45:19.128","6.892309","6.437490","17.353116","7.996865","6.437490","9.556240","100.000000","-1","43.862494","3987.787710","4439.630178","3786.933863","3923.829994","4320.280106","3854.173406","2032.634731","4725.115887"
"09/29/2026 00:45:20.133","11.833691","9.825494","17.599158","6.716028","6.716028","12.934960","100.000000","0.497097","34.701220","3937.832670","4400.947097","3763.994161","3911.950434","4220.528892","3842.607987","2381.356346","4572.124164"
"09/29/2026 00:45:21.133","9.897857","7.814574","10.939504","12.501969","7.814574","10.939504","98.437535","3.127180","26.564152","3783.974101","4344.243409","3529.143304","3893.699748","4168.226570","3851.737686","2345.253949","4594.734208"
"09/29/2026 00:45:22.140","9.490299","8.455899","13.110684","3.801115","3.801115","11.559089","42.590988","33.281418","76.726076","3975.437525","4424.432096","3758.531828","3887.699563","4169.113287","4230.643288","4239.524876","3891.976295"
"09/29/2026 00:45:23.148","9.492682","10.074102","19.376781","5.422762","6.973209","5.422762","17.826335","8.523655","98.449553","3840.475342","4385.452096","3637.853821","3808.038910","3922.001189","4700.417214","4672.313532","3604.179079"
"09/29/2026 00:45:24.151","10.879109","1.785133","17.374795","4.903066","6.462032","6.462032","22.051693","4.903066","100.000000","3841.469655","4387.457506","3605.230321","3885.030978","3886.655324","4607.467937","4076.999427","3598.067062"
"09/29/2026 00:45:25.159","8.207859","7.045938","17.890578","5.496703","3.947469","3.947469","20.989047","8.595172","100.000000","3775.804522","4296.195382","3676.141512","3859.856878","3896.185392","4586.725758","4335.520954","3621.614177"
"09/29/2026 00:45:26.166","9.527283","8.427901","17.740318","5.323762","9.979971","11.532040","30.156874","6.875832","100.000000","3819.694879","4432.279949","3808.920522","4018.769326","4045.151532","4637.695280","4607.692247","3607.890569"
"09/29/2026 00:45:27.173","5.404543","3.788073","13.098905","5.339879","6.891684","6.891684","25.513347","0.000000","100.000000","3823.638713","4583.688268","3577.284443","3908.580089","3949.149681","4666.316800","4512.577901","3585.205301"
"09/29/2026 00:45:28.177","7.452895","6.675188","14.452256","5.119774","8.230601","8.230601","22.229323","0.453534","100.000000","3865.402815","4445.800971","3657.625521","3977.714526","3947.778554","4615.174159","2880.075862","3609.204900"
"09/29/2026 00:45:29.193","9.866797","10.764284","16.918471","19.995565","16.918471","15.379925","43.073767","0.000000","78.460344","4215.411406","4484.473072","4235.282984","3955.918019","4104.704729","4320.190895","3297.611668","3770.127212"
"09/29/2026 00:45:30.207","9.398477","4.454242","10.618485","9.077424","16.782727","5.995303","100.000000","1.372121","22.946969","3795.185753","4383.209368","4000.924803","4028.525110","4091.036599","3840.561593","2416.705772","4598.651710"
"09/29/2026 00:45:31.220","7.637695","7.509234","10.592260","9.050747","7.509234","10.592260","100.000000","1.343183","21.382849","3831.646836","4375.415259","3768.834660","3840.378792","3792.415737","3875.333942","2444.752096","4579.460048"
"09/29/2026 00:45:32.231","6.301972","5.722404","16.541145","1.085801","7.267938","2.631335","100.000000","0.000000","25.814351","3839.324603","4372.863109","3792.877720","3996.736905","3863.450265","3887.432775","2412.393754","4505.911667"
"09/29/2026 00:45:33.236","8.666465","8.277807","17.605487","6.723193","6.723193","9.832420","100.000000","2.059353","26.933168","3864.183872","4522.599993","3710.611935","3879.072033","3879.710911","3889.290399","2354.918038","4482.616346"
"09/29/2026 00:45:34.249","7.972961","10.543552","18.255314","12.085904","12.085904","5.916494","98.457647","0.000000","30.594135","4251.388003","4558.778366","4114.677003","4025.842053","4141.669634","3861.655583","2463.064933","4405.826837"
"09/29/2026 00:45:35.254","14.328017","16.012945","44.008630","25.344840","23.789524","16.012945","100.000000","2.015102","56.451156","4673.781209","4880.916763","4476.897825","3743.829338","4184.517835","3616.476955","3282.110495","4293.358934"
"09/29/2026 00:45:36.257","9.375263","15.867000","20.541056","14.308982","17.425019","9.634926","71.955667","1.844834","34.563222","4542.997223","4680.378997","4338.782821","4136.691970","4184.942994","4094.697559","2475.573749","4678.760151"
"09/29/2026 00:45:37.266","10.742350","48.921924","70.591411","7.130772","7.130772","13.322054","47.374104","4.035131","38.087181","4969.999625","5082.497537","4238.326237","4169.277482","4199.310322","4774.639131","4522.750476","4534.297133"
"09/29/2026 00:45:38.271","11.226664","61.121167","58.010861","11.356262","8.245955","11.356262","23.797488","19.132028","23.797488","5068.796073","5072.429136","3777.534542","3778.982960","3770.671120","4651.253703","2078.806362","4758.231883"
"09/29/2026 00:45:39.278","7.510049","23.938336","84.477211","3.758710","6.863268","6.863268","17.729220","-1","39.461124","4862.563284","5134.202899","3852.901140","3805.256338","4061.331422","4659.130700","2339.002482","4684.460466"
"09/29/2026 00:45:40.284","7.360619","50.316306","61.184614","8.395690","2.185228","5.290459","9.948305","0.632613","16.158767","5038.557208","5097.184829","3638.927817","3825.121064","3748.796358","4464.575656","4009.092105","4657.002117"
"09/29/2026 00:45:41.290","9.271750","64.278178","47.193828","8.365760","6.812637","8.365760","16.131374","23.896987","17.684496","5085.877031","5057.525718","3670.600596","3670.724491","3633.171737","4419.281206","2683.828475","4480.324099"
"09/29/2026 00:45:42.295","9.621693","11.370958","53.353136","42.468868","40.913972","6.706272","19.145435","0.486690","19.145435","4167.550283","5065.186318","4342.624954","4073.639576","3836.331694","4533.512989","4376.383229","4633.252181"
"09/29/2026 00:45:43.300","8.388601","6.704090","11.368885","56.461909","50.242181","6.704090","19.143545","23.808340","16.033681","3718.486016","4431.476134","4254.826365","3802.934593","3631.142754","4428.536551","2536.134263","4396.472428"
"09/29/2026 00:45:44.311","8.147910","5.766315","7.311130","59.834823","56.745194","5.766315","16.580017","0.000000","27.393718","3713.506915","4386.062500","4246.029779","3815.035130","3803.210595","4485.429001","2069.281467","4570.081809"
"09/29/2026 00:45:45.317","9.633042","6.784804","9.891977","64.267508","47.178055","8.338390","11.445563","26.981429","22.320670","3552.248697","4453.708519","4159.625409","3814.921169","3626.095349","4377.101116","2186.731613","4591.059384"
"09/29/2026 00:45:46.320","6.744948","1.877777","8.107759","36.142680","71.965079","4.992768","28.355202","-1","15.895237","3601.961252","4401.373755","4205.306914","3738.671831","3601.879399","4466.785438","2012.503704","4435.251642"
"09/29/2026 00:45:47.327","9.486776","3.797370","6.900680","31.727166","79.828481","5.349025","20.865578","28.623855","23.968889","3869.297946","4482.354474","4118.906866","3769.100397","3906.525460","4369.847792","3468.424277","4539.558939"
"09/29/2026 00:45:48.334","7.323558","9.975151","13.079456","76.717711","16.183761","9.975151","27.048829","-1","23.944524","3653.219698","4453.192285","4202.353384","3819.139853","4100.869355","4393.735052","2040.395127","4482.278713"
"09/29/2026 00:45:49.342","12.066772","3.861393","22.468865","8.513261","3.861393","36.424469","96.898755","82.943150","20.918243","4126.887128","4633.809739","3841.042178","3806.973788","4142.706410","3972.495258","2040.914355","4523.942747"
"09/29/2026 00:45:50.349","7.753807","14.670659","14.670659","10.016332","10.016332","10.016332","100.000000","-1","27.082200","3960.159141","4641.745037","3746.514693","3797.798716","4280.399210","3899.270369","2550.827858","4709.699817"
"09/29/2026 00:45:51.360","8.678221","7.326734","18.138615","11.960397","5.782179","13.504951","98.455446","-1","36.673268","4302.939844","4788.731526","4243.876905","3957.782392","4507.922379","3812.838638","2997.415411","4591.425728"
"09/29/2026 00:45:52.368","12.086778","10.018235","30.186561","14.672464","13.121054","13.121054","100.000000","2.261186","36.392200","4443.996786","4868.360480","4291.046726","3832.030485","4166.428663","3798.721674","4606.106885","4604.243226"
"09/29/2026 00:45:53.372","9.296612","6.705083","12.924744","6.705083","3.595253","17.589490","100.000000","23.809151","25.364067","3967.806012","4678.664921","3922.612509","3770.924893","4196.286577","3895.759766","2047.928018","4803.108055"
"09/29/2026 00:45:54.377","7.303114","6.720112","9.829442","8.274777","6.720112","9.829442","100.000000","-1","39.368073","4054.622737","4685.287193","4035.044049","4004.315724","4185.693456","3879.093486","2300.059366","4667.784371"
"09/29/2026 00:45:55.384","11.802392","9.925848","16.137859","8.372846","2.160835","11.478851","50.303916","27.008877","75.151958","4063.185233","4671.321637","3879.980847","3652.569623","4189.434880","4168.308429","4329.122912","3934.199079"
"09/29/2026 00:45:56.389","8.103624","8.297916","12.960734","6.743643","5.189371","8.297916","20.732097","12.960734","98.445727","3809.491092","4375.752574","3878.593511","3734.286378","4156.334758","4710.288767","4506.622364","3615.738805"
"09/29/2026 00:45:57.393","7.071330","8.173763","11.286517","8.173763","9.730140","9.730140","15.955647","8.173763","98.443623","3773.773239","4393.141516","3750.100295","3659.218374","4045.530896","4488.849369","4165.649052","3643.017939"
"09/29/2026 00:45:58.399","8.035668","9.975839","13.080121","6.871558","2.215136","6.871558","17.736543","5.319417","100.000000","3871.987547","4289.424750","3861.776382","3575.815001","4080.386433","4493.257943","4386.181194","3654.279472"
"09/29/2026 00:45:59.403","6.632224","1.895711","8.124555","6.567344","0.338500","3.452922","12.796188","1.895711","100.000000","3915.949925","4399.996342","3787.518328","3709.270835","4014.303322","4544.406247","3101.344049","3627.819081"
"09/29/2026 00:46:00.416","11.285627","15.204216","21.371182","15.204216","16.745957","18.287699","32.163373","1.328542","100.000000","4498.907007","4655.490060","4344.885211","4127.068256","4044.621904","4490.879977","3941.540435","3582.332854"
"09/29/2026 00:46:01.420","7.984065","6.556457","17.458204","8.113850","4.999065","6.556457","12.786027","1.884280","100.000000","3772.254959","4363.202703","3639.411652","3681.694846","3867.308346","4518.776376","2886.401751","3633.918888"
"09/29/2026 00:46:02.428","9.575881","8.542459","13.192843","22.493610","17.843226","17.843226","64.347060","10.092587","51.946038","4052.375127","4478.192822","4315.167163","4060.868701","4124.566776","4060.435744","4479.625588","4143.678000"
"09/29/2026 00:46:03.436","10.259861","7.031807","17.878096","13.229686","14.779156","7.031807","100.000000","31.823325","22.526506","3831.104994","4404.153386","3964.096401","3979.078261","4071.513623","3886.209706","2153.371094","4810.636991"
"09/29/2026 00:46:04.445","9.825951","16.345334","28.738618","13.247013","16.345334","13.247013","100.000000","-1","28.738618","4367.985834","4625.569126","4395.052373","4055.541851","4227.772693","3866.649636","4395.988899","4521.690566"
"09/29/2026 00:46:05.455","14.528021","8.795538","33.528952","18.070568","8.795538","21.162245","98.454162","1.066346","55.170688","4214.049099","4946.368307","4582.733964","4043.324011","4721.604461","3696.027594","2858.368476","4416.159856"
"09/29/2026 00:46:06.464","15.286899","19.419239","25.617759","16.319979","20.968869","14.770349","100.000000","7.022199","70.557030","4772.856152","4908.854235","4468.057445","3812.723174","4181.128754","3582.865440","4104.539895","4366.193341"
"09/29/2026 00:46:07.469","9.939315","12.982348","22.305667","8.320688","9.874574","6.766801","100.000000","26.967327","30.075101","3887.319401","4495.988643","3935.613450","3884.050155","3876.882924","3840.617250","2608.250618","4821.654132"
"09/29/2026 00:46:08.477","8.605567","20.942195","19.392042","8.540971","11.641277","13.191430","90.699082","-1","47.294797","4495.717292","4761.882877","4074.311804","4118.397127","4009.716356","3967.559909","3387.795702","4835.442534"
"09/29/2026 00:46:09.485","11.705971","29.113411","42.687438","18.555833","17.047608","18.555833","47.212114","6.490031","44.195664","4884.341402","4951.653919","4480.524644","4193.944497","4424.318614","4663.184503","4571.624495","4494.697720"
"09/29/2026 00:46:10.523","11.948507","50.495206","70.606529","11.819586","8.725537","8.725537","82.982727","5.631487","27.289834","5007.195868","5105.410590","4006.427876","4034.261157","4205.402484","5014.762330","2493.279855","4785.295382"
"09/29/2026 00:46:11.532","10.202401","25.631323","82.957178","2.391112","2.391112","2.391112","93.802610","0.000000","19.433933","4926.697136","5125.188199","3749.834696","3719.039153","3937.042635","5036.933952","2885.639284","4736.565676"
"09/29/2026 00:46:12.540","9.277312","59.707502","47.309810","7.017312","2.368177","5.467600","28.713272","2.368177","38.011541","5101.838602","5056.158361","3972.913519","3922.680811","4338.618286","4811.435618","2075.362573","4930.307941"
"09/29/2026 00:46:13.544","7.763064","40.885394","67.331402","6.661148","6.661148","8.216796","11.328091","1.994206","19.106329","5013.184843","5076.631227","3661.248592","3567.961606","3805.070421","4420.849740","2237.527027","4753.145672"
"09/29/2026 00:46:14.555","6.371664","36.593058","69.069784","4.116332","4.116332","8.755864","16.488418","0.000000","21.127950","4981.878659","5092.881564","3751.356380","3589.033171","3778.400778","4457.651914","2671.266084","4743.205185"
"09/29/2026 00:46:15.561","8.605666","39.458532","67.400748","6.859280","0.649899","2.202244","11.516316","27.039769","14.621007","4996.361116","5098.443818","3771.358796","3477.841208","3541.417075","4398.492038","2075.453571","4820.141909"
"09/29/2026 00:46:16.567","8.178011","11.478165","48.750516","53.409560","47.197502","6.819121","23.902282","-1","23.902282","4141.048810","4972.651350","4395.927008","3887.302562","3872.950421","4675.351582","4154.139044","4666.147568"
"09/29/2026 00:46:17.573","8.504593","6.756276","11.418462","50.270014","68.918759","5.202214","16.080649","0.000000","23.850959","3579.111475","4194.723850","4247.590444","3784.376425","3703.699061","4500.044717","2107.546432","4590.673853"
"09/29/2026 00:46:18.580","10.137188","6.904711","14.662652","65.865061","50.349179","6.904711","20.869005","14.662652","17.765828","3933.787360","4316.634317","4201.595614","3826.615328","3818.279938","4685.605889","2775.066885","4663.314267"
"09/29/2026 00:46:19.588","10.329576","8.520669","11.621663","72.091052","34.879120","3.869178","24.025640","31.778126","28.677132","3694.594039","4140.070674","4209.278341","3829.070078","3590.491110","4547.853303","2582.062347","4470.884206"
"09/29/2026 00:46:20.593","10.769216","9.862661","11.416753","64.255883","44.052686","3.646293","16.079029","36.282226","19.187213","3609.764844","4029.975873","4171.804496","3917.121859","3509.723468","4504.237570","2373.203810","4454.802333"
"09/29/2026 00:46:21.603","5.867810","8.767151","13.406110","81.444166","27.322985","8.767151","14.952429","-1","18.045068","3578.024459","4156.376416","4243.473454","3965.567965","3581.797981","4498.655112","2082.766702","4484.164025"
"09/29/2026 00:46:22.608","7.296804","5.159002","8.268543","67.349820","37.809182","5.159002","25.371018","-1","20.706707","3631.619166","4004.084644","4219.840535","3944.760155","3592.844554","4544.025791","2223.849206","4522.664884"
"09/29/2026 00:46:23.615","10.674819","6.858605","11.515674","61.191085","48.772232","9.963318","20.829814","79.819364","17.725101","3641.004339","4029.084224","4242.416180","3865.549607","3704.165206","4543.941564","3252.048553","4515.977119"
"09/29/2026 00:46:24.619","5.943335","8.212108","9.767835","28.436559","43.993828","26.880832","48.661009","-1","26.880832","4038.093291","4316.166530","4224.910550","3847.155647","3892.779232","4438.882144","2315.167785","4663.605021"
"09/29/2026 00:46:25.625","8.389356","5.216967","14.539889","3.663147","8.324608","25.416630","96.892360","0.000000","20.755170","3884.398428","4403.450413","3957.244182","3829.966070","4352.589444","3933.361942","3356.844348","4711.541977"
"09/29/2026 00:46:26.626","8.442906","4.801434","14.165227","9.483330","14.165227","12.604595","98.439368","7.922698","29.771549","3916.703016","4286.156297","3933.554288","3679.085039","4326.941986","3919.242557","2179.071931","4601.698507"
"09/29/2026 00:46:27.632","9.420537","6.765957","16.089361","6.765957","6.765957","8.319858","98.446099","0.000000","22.304964","3838.178147","4309.191723","3935.918672","3805.482084","4273.610488","3895.425641","4685.537828","4603.857170"
"09/29/2026 00:46:28.636","7.515260","6.672717","16.005445","6.672717","8.228171","5.117262","100.000000","2.006352","33.115447","3953.225075","4407.381249","4079.040989","3835.056069","4290.518624","3895.267294","2143.948454","4431.898085"
"09/29/2026 00:46:29.643","10.672705","16.170770","22.380343","19.275556","17.723163","30.142309","98.447607","-1","50.323419","4610.657312","4815.542995","4564.575512","4055.258595","4306.014986","3832.382884","3741.326099","4455.386052"
"09/29/2026 00:46:30.646","13.410376","17.434783","25.223954","12.761280","11.203446","20.550451","98.442166","6.529943","48.591469","4518.253446","4756.877634","4229.760880","3865.824302","3958.025450","3728.368593","4125.542379","4283.940735"
"09/29/2026 00:46:31.658","8.134659","4.341754","12.056128","5.884629","4.341754","7.427504","96.914250","0.000000","42.913627","4005.647786","4433.296311","4068.848271","3763.155812","4361.771152","3871.657793","2075.868154","4697.977916"
"09/29/2026 00:46:32.664","9.207509","6.813128","20.791159","6.813128","6.813128","13.025586","98.446885","9.919357","31.662961","3927.074284","4402.847708","3887.761789","3667.913665","4212.234634","3903.365562","2478.745520","4602.697450"
"09/29/2026 00:46:33.673","8.033001","8.613838","16.358428","7.064920","5.516002","8.613838","55.081378","21.005182","59.728132","3892.770727","4390.184684","3766.199293","3712.710763","3915.957755","4127.142305","4277.863146","3975.338522"
"09/29/2026 00:46:34.688","8.252488","4.664600","10.815271","9.277603","4.664600","3.126932","13.890606","7.739935","100.000000","3685.677423","4371.735382","3792.478765","3604.277046","3641.513554","4539.856552","4533.235225","3600.716231"
"09/29/2026 00:46:35.690","7.126701","7.842617","15.652565","4.718638","9.404607","7.842617","28.148481","4.718638","100.000000","3771.309584","4318.967045","3772.019035","3761.252748","3646.925181","4542.977343","3981.078259","3617.912150"
"09/29/2026 00:46:36.704","6.997414","9.240751","10.779043","3.087582","10.779043","3.087582","21.547090","3.087582","100.000000","3704.335260","4323.318000","3791.898560","3692.695494","3745.553204","4567.067045","4494.017909","3644.155837"
"09/29/2026 00:46:37.712","9.027713","2.238744","19.308170","5.342276","8.445808","6.894042","25.515233","2.238744","100.000000","3782.367849","4396.662382","3910.195938","3801.426827","3885.802789","4591.897337","4482.130727","3615.256652"
"09/29/2026 00:46:38.718","8.919642","6.849628","16.164665","9.954640","13.059652","8.402134","20.822183","0.000000","100.000000","3779.425239","4353.482465","4008.230387","3795.157457","3660.945521","4682.872595","3702.970192","3632.142593"
"09/29/2026 00:46:39.720","7.000874","4.856237","12.654907","3.296504","9.535439","7.975705","17.334108","1.736770","100.000000","3814.590903","4366.086386","3830.029775","4024.870203","3790.510558","4659.460395","3220.401133","3635.238027"
"09/29/2026 00:46:40.729","8.162998","7.065860","17.908176","7.065860","2.419153","8.614762","25.652688","3.968055","100.000000","3734.288849","4361.218649","3933.229405","3666.115648","3879.999719","4763.881971","3256.227608","3618.576117"
"09/29/2026 00:46:41.731","5.691402","3.286569","17.325616","6.406358","6.406358","3.286569","17.325616","1.726675","100.000000","3975.651283","4417.166506","3974.805331","3951.719001","3973.721038","4728.375380","3385.385494","3629.061808"
"09/29/2026 00:46:42.735","10.117610","8.238311","11.348877","17.570008","19.125291","9.793594","33.122837","2.017179","86.002454","4054.499960","4417.484303","4349.876521","3944.266827","4054.371163","4481.404343","3607.726596","3752.202587"
"09/29/2026 00:46:43.748","8.655539","5.825151","12.000551","15.088251","18.175951","15.088251","100.000000","0.000000","18.175951","3923.908573","4338.578824","4168.991754","3959.461222","4075.117028","3848.132109","2605.142551","4675.798998"
"09/29/2026 00:46:44.762","8.013865","4.483342","7.564525","6.023934","13.726890","7.564525","100.000000","2.942751","18.348664","3839.027020","4320.833882","4111.645826","4059.519116","4078.890007","3888.817900","2430.657450","4580.764466"
"09/29/2026 00:46:45.762","5.752854","4.711446","9.397768","9.397768","4.711446","6.273553","100.000000","3.149339","17.208306","3733.513201","4348.911273","3874.589778","3836.950004","3919.866074","3912.763541","2431.824803","4500.516370"
"09/29/2026 00:46:46.777","7.664027","12.219871","16.839878","7.599864","7.599864","9.139867","98.459998","1.439855","19.919882","3820.565234","4329.051895","3971.183452","3882.266607","3923.814133","3935.173415","2408.992572","4558.287224"
"09/29/2026 00:46:47.789","9.563028","8.919798","18.182192","8.919798","8.919798","7.376066","100.000000","4.288602","25.900853","3825.768882","4316.200819","3880.979949","3898.118526","3927.920956","3948.018275","2314.923220","4545.242506"
"09/29/2026 00:46:48.789","9.093833","9.419194","15.666146","10.980932","12.542670","6.295718","98.438262","0.048766","21.913099","3617.113648","4312.461659","3793.798382","3668.687224","3647.060222","3954.811476","2385.241127","4480.561674"
"09/29/2026 00:46:49.790","10.754759","12.576094","20.381800","14.137235","14.137235","14.137235","100.000000","6.331529","29.748647","4196.385466","4624.472756","4377.150055","3927.910310","4278.644559","3881.680966","2546.739648","4529.755730"
"09/29/2026 00:46:50.806","8.016415","6.157514","16.926324","12.311120","7.695916","7.695916","100.000000","1.542310","29.233535","3821.589930","4385.388813","3962.198897","3769.731335","3941.196338","3913.776365","2386.821981","4625.273232"
"09/29/2026 00:46:51.818","13.648424","10.497849","13.584130","7.411568","56.792065","10.497849","61.421487","39.817519","33.644957","3743.263382","4302.856519","3951.387695","3605.287281","3791.393033","4167.639376","2353.649384","4510.645217"
"09/29/2026 00:46:52.830","6.913059","7.299307","10.389330","7.299307","50.559630","5.754295","62.919723","-1","28.929469","3686.414145","4249.544545","3751.851689","3624.209743","3877.742163","4025.201049","2455.361244","4430.915055"
"09/29/2026 00:46:53.836","9.985516","3.708450","17.686255","6.814629","6.814629","6.814629","59.619672","8.367718","78.256747","3846.183856","4420.715709","3825.994880","3848.944785","3835.227315","4089.451121","2607.376433","3853.375686"
"09/29/2026 00:46:54.851","9.400644","7.604053","13.763783","2.984256","10.683918","10.683918","67.661419","-1","61.501689","3700.632395","4411.713164","3976.597813","3811.593120","3876.317722","4102.578537","2128.605813","3842.835566"
"09/29/2026 00:46:55.853","10.517423","3.374400","59.479587","12.725265","0.257446","6.491355","57.921110","42.336336","29.868516","3819.213101","5052.674582","3740.010556","3792.045058","3810.674294","4085.409537","2079.640000","4627.596268"
"09/29/2026 00:46:56.859","7.498137","8.339657","22.321743","47.178785","62.714437","6.786092","23.875308","-1","25.428873","3950.821314","4796.745721","4400.275013","3857.432220","3664.680126","4761.259754","2532.902066","4782.332961"
"09/29/2026 00:46:57.867","7.541812","8.574858","8.574858","48.863903","51.963061","5.475700","20.971487","0.000000","20.971487","3732.537272","4226.870441","4207.114960","3818.467653","4044.230663","4558.128759","2047.042971","4607.043916"
"09/29/2026 00:46:58.870","12.212928","11.174035","20.524136","11.174035","12.732385","39.224340","98.441650","4.940634","43.899390","4467.167949","4675.213438","4254.696672","3999.725215","4219.540538","3845.691943","2569.289310","4568.646032"
"09/29/2026 00:46:59.874","11.619476","11.295264","17.520158","14.407711","17.520158","20.632605","76.656648","9.739041","57.981967","4446.909160","4642.940738","4294.617099","3918.342747","4043.994024","3922.335024","4260.078456","4198.556532"
"09/29/2026 00:47:00.879","9.074962","12.960647","14.514921","6.743550","12.960647","3.635002","33.166211","17.623470","100.000000","4062.749501","4361.986524","3888.361699","3800.697086","3847.080532","4710.928899","4411.165279","3476.734904"
"09/29/2026 00:47:01.885","11.017809","6.811368","20.789663","23.895951","11.470800","14.577088","62.724547","3.705081","81.362274","4139.909401","4485.375325","4335.732366","3949.261915","4174.499981","4220.872022","4584.965206","3890.409899"
"09/29/2026 00:47:02.896","8.238406","8.817955","16.545247","13.454330","14.999789","14.999789","98.454542","2.636122","16.545247","3802.509385","4356.586772","4090.896249","4097.832743","4212.322860","3766.979926","2030.543704","4747.057205"
"09/29/2026 00:47:03.901","9.994282","36.237852","67.341339","3.579190","9.799888","6.689539","44.013723","8.244713","17.575759","4891.299247","5093.303749","3977.672487","4020.889192","3793.820724","4093.436471","4194.924596","4714.354093"
"09/29/2026 00:47:04.912","11.307865","33.529208","41.258370","35.075040","39.712538","5.704225","16.525052","7.250058","22.708381","4938.991320","4983.092160","4485.886372","3831.133775","3654.960978","4520.258471","2164.309227","4647.647595"
"09/29/2026 00:47:05.915","10.282014","4.958662","18.981155","76.629179","45.468085","1.842553","23.655319","36.119757","20.539210","3665.794133","3949.171480","4127.235815","3862.969220","3497.145455","4324.944625","2310.595349","4442.684085"
"09/29/2026 00:47:06.924","7.492916","7.105852","10.202324","17.943503","22.588210","30.329389","78.324699","-1","21.039975","3989.800762","4395.067398","4245.864991","3855.618515","4080.125559","3996.152340","2436.413815","4707.436878"
"09/29/2026 00:47:07.932","9.342868","7.018326","17.866188","10.117715","5.468632","19.415883","92.251527","-1","41.111607","3932.121364","4435.806299","4005.612038","3898.733648","4259.443045","3871.085343","4486.908318","4514.023767"
"09/29/2026 00:47:08.940","13.421602","13.163156","33.321709","16.264471","19.365787","17.815129","51.929604","37.973683","87.594737","4564.337597","4820.323564","4403.705444","4087.063642","4159.955207","4577.871173","4167.328656","3344.913041"
"09/29/2026 00:47:09.945","9.019878","9.861693","11.415802","11.415802","12.969910","16.078128","40.943868","45.606194","45.606194","3914.219026","4418.168209","4190.291499","3941.665363","4024.287347","4317.332141","3709.333384","3869.360198"
"09/29/2026 00:47:10.951","12.920083","13.049475","28.576355","19.260227","19.260227","20.812915","100.000000","0.000000","86.025809","4431.610637","4776.547047","4674.072608","4112.655868","4411.452770","3681.658325","3441.582764","4949.952106"
"09/29/2026 00:47:11.960","13.537227","47.348041","51.993802","3.987604","3.987604","14.827713","61.285324","11.730539","86.062717","5017.813841","5047.841374","4084.361013","3833.566421","4592.076930","4180.863774","2203.879593","4951.319917"
"09/29/2026 00:47:12.970","11.554407","45.849639","50.491099","28.830954","27.283801","0.982197","58.226864","0.000000","21.095188","5028.237163","5016.854331","4419.530323","3863.159427","4161.257019","4917.549050","3282.390510","4831.762750"
"09/29/2026 00:47:13.976","8.606294","6.793951","6.793951","65.824449","54.950409","8.347385","19.221424","0.000000","14.561121","3837.216005","4085.593993","4086.960865","3732.171252","3613.875182","4608.853442","2727.101793","4517.998378"
"09/29/2026 00:47:14.980","7.346585","5.077253","12.857806","62.653345","28.418912","14.413916","29.975023","0.000000","20.638359","3869.075784","4151.562423","4086.308478","3832.390003","3983.298519","4463.722106","3500.064644","4442.848434"
"09/29/2026 00:47:15.992","9.832443","13.500933","18.134811","7.322428","10.411680","72.196728","55.205840","7.322428","22.768690","4068.153640","4318.696988","3983.041490","3735.144569","3612.360757","3922.512142","3502.707123","4449.254127"
"09/29/2026 00:47:16.995","10.551612","6.527082","9.642846","8.084964","6.527082","100.000000","11.200728","6.527082","18.990138","3909.260059","4376.778739","4120.212512","3959.165121","3436.970899","4603.464391","3763.618669","4661.393108"
"09/29/2026 00:47:18.001","7.565871","13.064058","14.616485","8.406775","14.616485","11.511630","14.616485","28.588333","96.895145","4279.924256","4571.163186","4101.553785","4095.547925","4054.507452","4037.277439","4197.900633","3758.614894"
"09/29/2026 00:47:19.007","7.269762","11.475948","22.347322","11.475948","9.922894","8.369840","-1","23.900376","98.446946","4115.603165","4618.397692","4168.235413","4015.671359","3932.834557","2610.796981","4373.951863","3461.741247"
"09/29/2026 00:47:20.012","13.629846","11.362058","12.917110","59.568658","22.247419","23.802471","26.912574","9.807006","54.903503","4086.707122","4488.622404","3944.023795","4314.122254","4045.483221","4347.141245","4142.095948","4020.161133"
"09/29/2026 00:47:21.017","6.784663","9.829226","12.938563","61.133287","51.805276","22.266574","-1","3.610552","23.821243","3859.272339","4430.783355","4040.849623","3779.445645","3769.066885","4673.364236","3495.543611","4639.659296"
"09/29/2026 00:47:22.027","8.164448","33.445019","48.922921","19.514906","36.540599","10.228165","0.000000","8.680374","27.253858","4929.567081","5017.794203","4108.824464","3723.747625","4141.044603","2767.869218","3608.763999","4518.657072"
"09/29/2026 00:47:23.028","13.569136","61.008632","62.568287","17.338300","14.218990","14.218990","36.054156","7.980371","28.255883","5064.814874","4944.415892","4451.172146","4225.494525","4409.831770","3042.847255","4161.526949","4581.416789"
"09/29/2026 00:47:24.036","8.235806","10.045244","19.350908","67.430175","50.369790","5.392412","-1","3.841468","30.207517","4248.389373","4502.547652","4187.178402","3853.878870","3964.227853","3129.060009","3675.013011","4628.538615"
"09/29/2026 00:47:25.044","8.577360","5.478288","13.225969","73.657883","39.568085","3.928751","16.325041","11.676433","27.171795","3975.519182","4396.311365","4075.971461","3851.739968","3890.674690","1993.865226","3645.091387","4680.960764"
"09/29/2026 00:47:26.048","7.250594","11.271898","22.168332","15.941799","8.158632","85.990300","-1","6.601998","26.838232","3990.867718","4529.499252","4159.483299","4073.207230","3585.616740","4409.021010","3667.864582","4639.135171"
"09/29/2026 00:47:27.056","12.108726","8.556911","16.306325","13.206559","5.457145","100.000000","7.007028","16.306325","53.503514","4398.899499","4753.051300","4359.218220","4263.107071","3343.502039","4586.139397","4399.658314","4647.417541"
"09/29/2026 00:47:28.066","14.924637","22.658761","41.220658","28.846060","25.752410","48.954782","13.377812","31.939709","92.265876","4713.448945","4970.417807","4372.293099","4342.065607","3521.493986","4443.355082","4125.240786","3741.947862"
"09/29/2026 00:47:29.073","9.406518","13.092337","16.196182","8.436569","9.988491","13.092337","11.540414","25.507717","98.448077","4121.837740","4525.801868","4217.539451","4118.737264","4347.794485","2633.792234","4346.348783","3345.552501"
"09/29/2026 00:47:30.077","9.537929","8.176132","29.964846","34.633856","20.626826","22.183162","-1","15.957815","85.992969","4395.361321","4775.670023","4242.216324","4352.941654","4162.745042","4343.299899","4381.457841","3691.099811"
"09/29/2026 00:47:31.084","9.528631","5.325173","6.877219","92.239768","19.293590","17.741544","3.773126","6.877219","50.334517","4205.704891","4407.595334","3813.739225","4236.871066","3901.820232","4315.487053","4017.905794","4637.774037"
"09/29/2026 00:47:32.094","12.610395","25.757504","39.677972","69.065627","14.930473","11.837036","24.210785","8.743598","27.304222","4800.693632","4835.490727","3896.966744","4277.229143","4132.793054","3475.203570","3898.221040","4452.914052"
"09/29/2026 00:47:33.103","7.730140","61.285374","64.382544","3.987728","7.084898","7.084898","11.730653","7.084898","19.473578","5074.090203","5085.150772","3858.939682","3860.877182","3938.600303","2377.489980","3951.416653","4658.650259"
"09/29/2026 00:47:34.108","6.622024","34.726069","22.292940","53.375764","45.605058","5.197386","-1","8.305669","23.847081","4921.891908","4764.558379","4358.925329","4014.435722","3881.598753","3621.581176","3850.974274","4532.868293"
"09/29/2026 00:47:35.113","9.562220","8.266553","6.711749","39.362637","33.143420","25.369399","14.485770","11.376161","28.479007","4072.444284","4439.077358","4142.677528","3913.942846","4001.172069","4306.496535","3841.191373","4620.182229"
"09/29/2026 00:47:36.121","9.177126","11.631800","14.732439","5.430523","13.182119","100.000000","17.833077","10.081481","30.235632","3774.020529","4308.572916","3804.939386","3638.273077","3460.238295","4478.603633","3651.344847","4594.247371"
"09/29/2026 00:47:37.125","8.687058","6.611767","19.063532","6.611767","11.281179","26.845884","0.385885","36.184708","84.435295","4168.488638","4577.816302","4227.983939","3971.568897","3796.308757","4334.825299","4275.609181","3836.261309"
"09/29/2026 00:47:38.134","9.854783","13.274751","24.115407","28.761403","25.664073","27.212738","2.434095","22.566742","81.416018","4003.488800","4561.109506","4260.326604","4181.677814","4185.970572","4431.858067","4506.381258","3618.190283"
"09/29/2026 00:47:39.140","9.613222","8.383910","16.147985","90.683109","20.806430","25.464876","0.619834","6.831094","25.464876","3841.730717","4380.616943","3884.839228","4009.675709","4008.838970","4611.787139","4111.043878","4621.352868"
"09/29/2026 00:47:40.150","11.025742","53.578648","64.410297","5.609918","10.252053","11.799431","0.967782","14.894188","36.557486","5048.437147","5086.190193","3866.679892","4084.807417","4186.930065","4578.921697","4174.818916","4713.646250"
"09/29/2026 00:47:41.163","10.804497","18.258873","18.258873","47.562296","70.696577","10.547446","0.000000","9.005160","32.139442","4584.459899","4452.840140","4484.052683","3860.461195","3994.193890","2297.430344","4116.831366","4647.309102"
"09/29/2026 00:47:42.173","6.898124","7.156027","11.798226","27.272221","35.009219","52.030614","14.893025","5.608628","33.461819","3821.567422","4430.067351","4147.038850","4009.505829","3732.684521","4355.223434","3923.666672","4640.270746"
"09/29/2026 00:47:43.177","10.826630","8.167643","8.167643","6.611163","8.167643","84.435194","19.063008","8.167643","37.740775","3849.373282","4509.426129","4051.939180","4019.880192","3477.202401","4549.072205","4201.044397","4743.974172"
"09/29/2026 00:47:44.182","9.329708","8.293473","16.065213","6.739125","11.402169","12.956517","3.630429","34.717388","96.891304","3857.850730","4508.574623","4186.759833","4435.691801","4113.832969","2311.011341","4254.425298","3578.499578"
"09/29/2026 00:47:45.196","11.605036","9.101477","24.508007","49.158453","38.373883","27.589313","2.938866","21.426701","63.024330","3951.924644","4465.132692","4008.218320","4196.322439","4014.186902","4487.523983","4263.676370","3929.778596"
"09/29/2026 00:47:46.202","9.355903","31.628450","34.736248","34.736248","34.736248","12.981664","5.212170","9.873866","23.858956","4888.226215","4912.493791","4109.859617","3889.088427","3847.329478","3994.448670","4021.748973","4620.636690"
"09/29/2026 00:47:47.207","9.005651","47.152040","48.706391","30.054170","25.391115","6.738893","0.000000","8.293245","28.499818","5017.365765","4917.861078","4421.399597","4293.415457","4155.208015","4189.582445","3987.694462","4789.911100"
"09/29/2026 00:47:48.221","11.450550","10.615778","19.862422","67.636747","50.684567","4.451349","38.355709","7.533564","24.485744","3861.254544","4343.745017","4164.232122","3850.072012","3806.194906","2360.704212","4034.762521","4456.635903"
"09/29/2026 00:47:49.223","6.809856","8.043733","25.188122","32.981026","73.504127","6.485152","-1","8.043733","28.305284","3795.714405","4389.907307","4187.598520","3793.122567","4007.401456","2625.442262","3970.632217","4618.383678"
"09/29/2026 00:47:50.231","6.254742","2.313698","17.819460","3.864274","100.000000","11.617155","-1","3.864274","16.268884","3532.624343","4340.600433","4255.542712","3655.504720","4006.267066","2297.092091","3864.800842","4537.610258"
"09/29/2026 00:47:51.236","9.590622","6.741036","12.958301","48.707570","62.696415","5.186720","6.741036","5.186720","22.284197","3518.802778","4345.843834","4144.525294","3733.678722","3823.213450","2187.129606","3669.686346","4503.484504"
"09/29/2026 00:47:52.247","9.325396","5.652019","16.478837","100.000000","7.198708","4.105331","41.225848","10.292084","22.665590","3525.413653","4319.708656","4011.935079","4090.007208","3875.118998","2871.445341","3868.028009","4503.353270"
"09/29/2026 00:47:53.256","6.897110","5.607590","4.060173","95.357750","13.344673","5.607590","-1","7.155007","17.986922","3609.332483","4286.210309","4030.357045","4188.628555","3916.557255","2224.186620","3684.227002","4498.928569"
"09/29/2026 00:47:54.263","7.943667","10.012355","17.769911","81.381867","10.012355","19.321422","-1","3.806311","25.527467","3549.713233","4410.650327","4019.171801","4155.503110","4080.454222","4593.764154","3680.540442","4537.232883"
"09/29/2026 00:47:55.269","7.052869","5.174486","9.838036","8.283519","8.283519","100.000000","25.383202","9.838036","23.828685","3585.434249","4259.883197","3895.623437","3853.000832","3544.410506","4571.564870","3627.324658","4525.542591"
"09/29/2026 00:47:56.275","9.137327","3.701099","20.786388","5.254307","6.807515","100.000000","0.000000","6.807515","31.658844","3636.106223","4462.678093","4026.678919","4027.226593","3453.048214","4507.192047","3723.997101","4673.415369"
"09/29/2026 00:47:57.281","6.836252","5.283522","11.494439","6.836252","11.494439","100.000000","5.283522","5.283522","17.705356","3518.266282","4304.486946","3804.139916","3919.144091","3489.411124","4534.090410","3600.722104","4529.072228"
"09/29/2026 00:47:58.290","8.203610","7.106957","11.751609","8.655174","4.010522","100.000000","4.010522","7.106957","27.233783","3637.752702","4335.753858","3857.759896","4005.057380","3486.736537","4670.000829","3817.786332","4658.998470"
"09/29/2026 00:47:59.293","10.766945","8.039303","17.391238","1.804679","11.156614","100.000000","4.921991","8.039303","29.860485","3560.658504","4318.717909","3951.020833","3860.070449","3498.782510","3754.732908","3823.948276","4637.693383"
"09/29/2026 00:48:00.300","12.796725","13.184290","20.935693","13.184290","22.485973","100.000000","5.432887","17.835132","34.888218","4572.800393","4633.851500","4211.800225","4413.425278","3401.553637","4630.209391","4310.935541","4580.647987"
"09/29/2026 00:48:01.305","8.129992","5.082792","8.194832","8.194832","6.638812","100.000000","8.194832","9.750852","20.642990","3573.138513","4213.457173","3862.935873","3907.540152","3472.191196","4460.544148","3878.152837","4496.781746"
"09/29/2026 00:48:02.313","10.420622","6.997618","14.747817","5.447579","5.447579","81.399524","16.297856","17.847896","34.898333","3848.655542","4368.680841","3958.608346","4073.013849","3518.589924","4152.467867","4287.226836","4487.779956"
"09/29/2026 00:48:03.320","8.811683","8.488550","17.794799","3.835425","14.692716","8.488550","6.937508","33.305214","100.000000","3899.236514","4480.904926","3981.779605","4073.529000","4118.493504","2418.443765","4248.016596","3539.539106"
"09/29/2026 00:48:04.326","6.974587","11.502943","16.160683","13.055523","11.502943","11.502943","-1","20.818423","98.447420","3845.951171","4474.206473","4030.894878","4076.980921","4220.079221","2460.783154","4350.532549","3464.073237"
"09/29/2026 00:48:05.335","9.613126","7.097006","13.290539","7.097006","7.097006","8.645389","17.935689","14.838922","100.000000","3633.815658","4432.878101","4071.647997","3979.789619","4078.460752","2190.923077","4252.480896","3497.394921"
"09/29/2026 00:48:06.340","5.961322","11.340511","9.785081","9.785081","12.895940","3.563362","-1","8.229651","100.000000","3733.261686","4443.895218","3994.677668","4047.922994","4261.649506","2785.222132","4270.196322","3504.692840"
"09/29/2026 00:48:07.348","9.932205","5.409434","16.264089","11.612094","11.612094","8.510764","34.872069","10.061429","98.449335","3698.674301","4531.348081","3931.557806","3872.924328","4006.998152","1988.028800","4203.312844","3500.328080"
"09/29/2026 00:48:08.355","9.908736","22.446546","34.855098","19.344408","23.997615","19.344408","-1","14.691200","100.000000","4653.634726","4857.064476","4548.373896","4383.771467","4544.717211","3525.349385","4571.741284","3402.825648"
"09/29/2026 00:48:09.367","20.303873","25.899967","59.862482","35.162471","25.899967","36.706222","12.006211","33.618721","100.000000","4760.124798","5060.142472","4748.519313","4443.383431","4426.291120","3889.901289","4693.761681","3147.974888"
"09/29/2026 00:48:10.370","9.994351","9.604722","18.955957","4.929104","11.163261","12.721800","40.775507","11.163261","96.882921","3912.631182","4452.476954","4238.533285","4028.847433","4032.139057","2885.619744","4179.540098","3480.303682"
"09/29/2026 00:48:11.375","10.870402","23.825283","11.388594","72.017451","42.480315","31.598213","-1","5.170250","82.899553","4731.789657","4256.120679","4012.358013","4086.682674","3986.913719","4396.417805","4177.365685","4968.349017"
"09/29/2026 00:48:12.380","12.789615","26.968584","9.876125","98.446140","9.876125","11.429985","2.106825","9.876125","100.000000","4804.341016","4223.164132","3938.446617","4086.112072","4126.879398","4517.300062","4437.432589","5009.100902"
"09/29/2026 00:48:13.392","10.090302","8.867477","11.956715","100.000000","2.689001","7.322858","11.956715","5.778239","73.741477","3971.099086","4500.468790","3919.147857","4139.608135","4103.001529","2742.396065","4257.344733","4964.416382"
"09/29/2026 00:48:14.403","8.386796","4.202075","13.472842","100.000000","4.202075","8.837459","0.000000","5.747203","30.469248","3687.430495","4404.521957","3953.480657","3974.551671","3919.744763","3776.259851","3886.174553","4718.740035"
"09/29/2026 00:48:15.411","8.326332","5.419130","8.520142","100.000000","5.419130","14.722167","16.272673","10.070648","16.272673","3575.242611","4286.178621","3946.222207","3801.907335","4019.816464","2554.972579","3917.434550","4685.493204"
"09/29/2026 00:48:16.418","8.048119","3.847929","13.152968","73.635722","31.763046","8.500449","0.000000","6.949609","28.661367","3739.349087","4271.752403","3988.621011","3846.782098","3917.083240","3824.908160","3879.029359","4632.909772"
"09/29/2026 00:48:17.423","5.881357","8.214877","11.326237","95.332960","8.214877","9.770557","-1","3.547837","19.104637","3757.072695","4362.797979","3970.881101","3861.438853","3939.973646","2655.386595","3911.073364","4549.266632"
"09/29/2026 00:48:18.429","10.369757","64.277333","68.936811","5.257273","11.469911","8.363592","2.150954","8.363592","36.320462","5072.343069","5084.197682","4010.814249","4146.598585","4033.175430","2674.737353","4076.590458","4611.093568"
"09/29/2026 00:48:19.434","12.733716","26.921782","92.225721","12.928080","17.592648","14.482936","0.000000","16.037792","67.348030","4870.555977","5054.841148","4596.184206","4469.696176","4365.954570","2690.530969","4412.452669","4544.848645"
"09/29/2026 00:48:20.437","11.769726","14.301718","100.000000","11.185417","11.185417","12.743568","6.510965","14.301718","70.395139","4481.210699","5097.626668","4580.424688","4426.209659","4294.146525","2615.829103","4454.104386","4479.030037"
"09/29/2026 00:48:21.446","10.968723","86.064670","45.807049","10.194538","7.097798","11.742908","0.000000","14.839648","70.580969","5141.083202","5029.016524","4324.620608","4307.275459","4128.978228","2443.779103","4268.233818","4591.190106"
"09/29/2026 00:48:22.450","13.098545","57.976011","71.984007","8.169802","15.952022","12.839134","0.387582","12.839134","64.201787","5053.470327","4834.809830","4373.984898","4249.777803","4229.683959","2284.758162","4254.453206","4532.024030"
"09/29/2026 00:48:23.459","14.325432","21.094306","89.169807","31.924499","14.905624","21.094306","0.000000","19.547135","56.679227","4731.342766","4975.645387","4555.000032","4312.310391","4083.127593","4055.747025","4257.616706","4445.762470"
"09/29/2026 00:48:24.463","11.484983","15.897752","19.012650","42.374386","70.408468","14.340303","19.012650","14.340303","43.931835","3970.275967","4500.692900","4229.334104","3852.973453","3840.910149","2683.896257","3826.595857","4838.876487"
"09/29/2026 00:48:25.469","10.010418","11.498388","14.603708","8.393068","100.000000","9.945728","8.393068","11.498388","28.577646","3991.273162","4398.763436","4093.506176","3763.256648","3953.998518","3780.208725","3765.401814","4739.164028"
"09/29/2026 00:48:26.477","7.169748","8.526351","14.727955","47.286372","56.588777","10.076752","-1","5.425550","24.030359","3808.040311","4287.013874","4236.582720","3727.947485","3884.882661","2429.012358","3453.862518","4707.399583"
"09/29/2026 00:48:27.479","9.236462","4.883450","14.239176","100.000000","6.442737","11.120600","26.713478","8.002025","15.798464","3736.003657","4326.911226","4224.733960","4008.707689","3754.628498","2411.888563","3558.515589","4661.102546"
"09/29/2026 00:48:28.480","9.536978","11.032766","17.276081","100.000000","11.032766","9.471937","-1","9.471937","29.762710","3867.257275","4382.450555","4214.451840","3914.583802","3961.199536","2042.228750","3655.736868","4773.124858"
"09/29/2026 00:48:29.487","9.417899","6.896344","19.310165","100.000000","8.448072","11.551527","50.344717","5.344617","13.103255","3838.940170","4361.105550","4222.067689","4030.375284","3923.299661","3928.900425","3685.839289","4746.041370"
"09/29/2026 00:48:30.493","8.464463","9.888635","16.103212","39.407875","6.781346","64.266183","0.000000","9.888635","26.978721","3980.740484","4506.866989","4185.540636","3983.603882","3840.835744","2518.333079","3687.505487","4777.962042"
"09/29/2026 00:48:31.499","6.059075","9.940931","16.151901","9.940931","6.835446","100.000000","-1","6.835446","27.021099","3843.624606","4345.163572","3989.752243","3845.803357","3695.188399","2491.871914","3845.847835","4785.168118"
"09/29/2026 00:48:32.509","7.534050","1.025994","11.851276","2.572463","2.572463","100.000000","2.572463","7.211870","27.315965","3948.903602","4286.711084","3956.029040","4005.308748","3675.109469","2108.465426","3948.292279","4790.479259"
"09/29/2026 00:48:33.517","12.313037","14.703918","25.559783","14.703918","17.805594","100.000000","0.000000","11.602242","48.822351","4520.903954","4742.173972","4424.554579","4439.330559","3543.466417","3707.094253","4444.544685","4609.251525"
"09/29/2026 00:48:34.524","16.106393","25.542800","36.401142","13.133267","19.338034","100.000000","5.377309","22.440417","67.424975","4738.960754","4869.275892","4379.143955","4284.732077","3305.943070","4450.777612","4449.594157","4432.860822"
"09/29/2026 00:48:35.528","12.050320","14.385268","9.715373","5.045479","5.045479","100.000000","45.517898","0.375584","22.168425","3909.760120","4238.127812","3909.200804","3951.543328","3615.343147","2802.393388","3695.189669","4691.708805"
"09/29/2026 00:48:36.536","6.397817","8.529546","16.281279","2.328159","6.979199","100.000000","-1","6.979199","53.489600","4279.024909","4451.231031","4162.456520","4047.214266","3626.839552","2429.011733","3830.813770","4818.817284"
"09/29/2026 00:48:37.545","11.281384","16.439440","22.629111","19.534275","14.892022","67.504227","2.512680","7.154933","86.073240","4449.020695","4605.139624","4240.465367","4214.760664","3629.625259","3664.412641","4122.438187","4406.696013"
"09/29/2026 00:48:38.553","8.870582","10.097698","16.297856","8.547658","13.197777","8.547658","0.000000","10.097698","100.000000","4290.505675","4388.516661","3900.754434","4196.161467","4018.002168","1986.973083","3786.944233","3797.474815"
"09/29/2026 00:48:39.558","8.089573","5.107995","17.552848","12.886028","6.663602","3.552388","26.886488","6.663602","100.000000","4055.061299","4454.238106","4254.623693","4028.285137","4139.467797","3206.527581","3675.640616","3720.305215"
"09/29/2026 00:48:40.566","12.388887","10.062929","14.714846","10.062929","14.714846","13.164207","93.797443","6.961650","100.000000","3886.264097","4398.107336","3927.462485","3945.884826","3983.190451","2110.088889","3787.351998","3759.877184"
"09/29/2026 00:48:41.572","2.934356","2.157830","19.241384","9.923082","8.370032","8.370032","-1","8.370032","100.000000","3967.450240","4509.555057","3921.738388","4008.099832","3977.335448","2318.034606","4052.964821","3750.981802"
"09/29/2026 00:48:42.580","7.648432","8.552575","19.402269","11.652488","13.202444","11.652488","0.000000","7.002619","100.000000","3945.469404","4430.161944","3995.160736","4035.672259","4068.835263","2374.297534","3778.611138","3756.394890"
"09/29/2026 00:48:43.587","14.423553","11.579626","25.540738","10.028392","14.682096","8.477157","59.667900","10.028392","100.000000","4129.257670","4369.715820","4002.114543","4076.399703","3875.430718","2411.565789","3700.103094","3746.794410"
"09/29/2026 00:48:44.589","3.967644","7.996066","15.793010","42.302618","11.114844","9.555455","-1","4.877289","70.371615","4177.498300","4452.251475","4411.377538","4168.263727","4115.159700","2075.672283","3919.523170","3948.264419"
"09/29/2026 00:48:45.591","9.004458","4.844659","12.644277","100.000000","6.404582","11.084353","3.284735","3.284735","17.324048","3880.463322","4416.988757","4276.531334","3913.186211","3942.998259","2541.536621","3809.579814","4827.273320"
"09/29/2026 00:48:46.604","7.777074","7.520183","13.685504","96.917339","7.520183","7.520183","9.061513","4.437522","29.098807","3966.877658","4339.859768","4251.869815","4081.861074","3896.525257","2095.323642","3747.140201","4865.163613"
"09/29/2026 00:48:47.611","5.574808","9.972700","9.972700","100.000000","9.972700","8.420505","-1","8.420505","27.046843","3881.318761","4281.425657","4242.574101","3967.476141","3886.432155","2212.722948","3802.345828","4793.602774"
"09/29/2026 00:48:48.615","9.047346","5.092877","11.316295","100.000000","1.981168","6.648731","0.425313","6.648731","19.095567","3962.584617","4319.003711","4216.666592","3865.608979","4050.438866","2209.049406","3775.951504","4727.467912"
"09/29/2026 00:48:49.619","10.556539","11.270016","19.053348","100.000000","5.043350","11.270016","62.640007","12.826682","31.506679","4053.729515","4372.222904","4235.253495","4167.418839","3868.861993","3947.025147","3973.991922","4794.390925"
"09/29/2026 00:48:50.622","7.193945","34.581467","20.563210","75.078654","6.544953","14.332874","-1","12.775290","42.369388","4898.925521","4486.152207","4201.937185","4152.545019","4101.019507","2161.697264","4102.417078","4633.374994"
"09/29/2026 00:48:51.629","11.484036","96.896445","20.859354","13.100467","13.100467","8.445135","0.686248","5.341580","28.618241","5148.482271","4761.726574","4286.526358","4294.644542","4098.950230","3242.454035","4216.914210","4701.050485"
"09/29/2026 00:48:52.637","10.387881","100.000000","27.121507","22.469689","16.267264","14.716657","2.311808","16.267264","65.886663","5153.833768","4812.211085","4516.629412","4572.065734","4493.586774","4041.502100","4454.729456","4462.652869"
"09/29/2026 00:48:53.643","11.332283","100.000000","20.839322","14.630642","14.630642","19.287152","5.317621","14.630642","33.256683","5152.906777","4711.311684","4177.228646","4056.757228","4026.009879","3947.169857","4265.817974","4566.202538"
"09/29/2026 00:48:54.649","10.265754","100.000000","17.646497","12.984978","9.877299","16.092658","0.000000","6.769620","45.615611","5153.514516","4573.305916","4086.486326","3920.531904","4027.764900","2539.018561","3843.909485","4888.878551"
"09/29/2026 00:48:55.663","10.458001","84.594924","18.353099","19.893607","16.812592","6.029039","0.000000","7.569546","38.379698","5131.370245","4476.259262","4301.576912","4268.277030","3793.561218","2355.271664","3767.323205","4696.449920"
"09/29/2026 00:48:56.668","9.595595","5.123977","16.011390","59.561039","79.780520","8.234666","12.900700","3.568633","23.788113","3977.770772","4409.552716","4299.606142","4019.410132","3890.556790","2499.236674","3673.082750","4620.458166"
"09/29/2026 00:48:57.673","7.737308","8.255634","20.695548","70.455204","40.910409","8.255634","-1","5.145656","23.805527","3924.302198","4339.183358","4248.262219","4031.239306","3810.246230","2059.265625","3659.648660","4607.169767"
"09/29/2026 00:48:58.679","12.020772","5.292953","14.608400","72.053658","39.449593","11.503251","100.000000","11.503251","23.923847","3816.824863","4255.379438","4226.754264","4041.180397","3732.842730","1973.608025","3583.376147","4476.673055"
"09/29/2026 00:48:59.687","5.556073","2.326114","14.729148","48.837489","59.690142","10.078010","-1","5.426873","22.481043","3940.982497","4289.822641","4251.177022","3937.882929","4078.047526","2529.060995","3774.977684","4608.081679"
"09/29/2026 00:49:00.694","7.341865","11.544780","16.200318","76.722311","36.374316","13.096626","-1","5.337397","25.511394","3952.350322","4320.419693","4231.610614","3911.906174","3806.525460","2645.996664","3583.738718","4675.951180"
"09/29/2026 00:49:01.698","9.019098","5.063411","9.732423","43.971849","62.647899","8.176086","59.535224","3.507073","22.183124","3885.637281","4325.849394","4280.978190","3970.648734","3903.011978","2205.291089","3674.416742","4709.327544"
"09/29/2026 00:49:02.702","6.015415","6.663583","17.552832","20.664046","9.774797","71.999075","-1","0.000000","20.664046","4054.718799","4431.863052","4232.075707","4159.373532","3791.121977","4381.644095","3672.680472","4613.412374"
"09/29/2026 00:49:03.705","6.748082","8.046852","8.046852","9.605380","4.929796","100.000000","3.371268","6.488324","15.839491","3930.980173","4251.086896","3875.683137","4111.302937","3605.024965","4548.577704","3508.952759","4656.762626"
"09/29/2026 00:49:04.714","9.979524","7.142206","13.332725","8.689835","5.594576","100.000000","14.880355","5.594576","28.809024","4242.140100","4296.795101","4124.698486","4157.881560","3579.681608","4467.067776","3824.980651","4604.512803"
"09/29/2026 00:49:05.722","6.857028","3.819061","14.678199","6.921672","13.126894","100.000000","0.000000","6.921672","16.229505","3979.998381","4314.856521","3897.520746","3997.353696","3619.787666","4158.997658","3520.809246","4489.255518"
"09/29/2026 00:49:06.730","6.676530","10.161634","14.808446","2.416947","7.063759","100.000000","2.416947","3.965884","19.455258","3973.819664","4307.572263","3870.896357","4003.885902","3621.362319","3292.096503","3546.031085","4579.369501"
"09/29/2026 00:49:07.732","8.851874","4.888917","17.362501","9.566511","8.007313","100.000000","3.329719","3.329719","17.362501","3960.599847","4201.922621","3847.489307","3862.461217","3631.562274","3054.919531","3503.079688","4552.285703"
"09/29/2026 00:49:08.745","6.875394","7.389892","12.020397","4.302888","7.389892","98.456498","1.215884","5.846390","15.107401","3847.509236","4294.633010","3848.910513","3842.933477","3632.356530","2906.035722","3631.125170","4604.574548"
"09/29/2026 00:49:09.760","7.666125","7.666125","12.282818","7.666125","7.666125","56.910858","3.049431","33.827389","55.371960","4053.925152","4509.847769","4051.815631","4002.114753","3699.807399","3397.416537","4209.569803","4083.856265"
"09/29/2026 00:49:10.765","12.252397","11.345109","17.566504","8.234411","12.900458","6.679062","93.778604","11.345109","98.444651","4071.409447","4421.390098","3872.933198","3935.278164","4268.873558","2033.832524","4521.578953","3703.083556"
"09/29/2026 00:49:11.771","7.605555","9.934827","25.463305","17.699066","14.593371","6.829131","-1","47.203175","98.447152","4182.873468","4724.764126","4539.338431","4045.621108","4299.075718","2219.820030","4022.753217","4176.137032"
"09/29/2026 00:49:12.775","13.002880","19.096566","17.540731","15.984896","9.761554","14.429060","6.649884","93.776659","98.444165","4701.652625","4549.828016","4200.680989","3983.403140","4245.283116","2346.465504","3819.014216","4830.853500"
"09/29/2026 00:49:13.782","10.770860","17.754010","36.375744","9.994955","13.098577","22.409444","0.684088","34.823933","100.000000","4613.168831","4853.467797","4407.646975","4287.649650","4597.779903","2729.864716","3975.547124","3967.726497"
"09/29/2026 00:49:14.788","10.025917","28.538569","16.110494","3.682419","13.003475","14.556984","30.092078","9.896456","100.000000","4865.661632","4470.496398","3956.579121","3918.807293","4254.418819","2295.453789","4268.037322","3660.123264"
"09/29/2026 00:49:15.793","6.652821","6.717606","14.491139","6.717606","11.381726","6.717606","-1","5.162899","98.445293","3976.787342","4446.161402","4033.314476","4055.859673","4141.758446","2139.600884","4108.657715","3675.744043"
"09/29/2026 00:49:16.799","8.689853","11.472516","22.344312","20.791198","28.556767","25.450540","-1","16.131857","79.809521","4135.010933","4576.937099","4372.210253","4245.403327","4217.794768","4361.541942","4227.279203","3795.004919"
"09/29/2026 00:49:17.810","7.135615","5.718823","11.901195","10.355602","100.000000","14.992381","1.082044","4.173230","16.537974","3852.516264","4348.498256","4180.608880","3792.098861","4446.049210","3045.033566","3810.588892","4683.566822"
"09/29/2026 00:49:18.818","8.713673","3.868319","8.519852","73.641313","39.530072","11.620874","0.000000","6.969341","20.923940","3859.390689","4269.896067","4180.236501","3871.452598","4259.073565","3167.667574","3717.300049","4664.739483"
"09/29/2026 00:49:19.822","9.851744","9.786940","11.342337","100.000000","6.676145","11.342337","9.786940","9.786940","20.674723","4010.704276","4237.529186","4152.388325","4203.086910","3932.465803","2461.351136","3674.896735","4603.781265"
"09/29/2026 00:49:20.828","5.598329","5.274815","11.486303","86.024153","27.015021","6.827687","0.000000","6.827687","13.039175","3872.814098","4292.715217","4160.499533","4074.998747","4022.620502","3365.691770","3543.218695","4445.903230"
"09/29/2026 00:49:21.836","7.501467","11.573727","10.022389","89.140633","20.881756","10.022389","5.368375","6.919713","16.227741","3950.875278","4293.382722","4216.927879","4131.045596","3981.949421","3456.381149","3643.555934","4525.117917"
"09/29/2026 00:49:22.844","6.470407","3.953050","10.149627","48.878236","41.132514","25.641071","0.000000","5.502194","17.895349","3862.047551","4211.422802","4223.842214","3947.144926","3816.974429","2208.730019","3796.620392","4515.366096"
"09/29/2026 00:49:23.849","10.699688","12.903033","33.121971","31.566668","30.011365","36.232577","8.237124","11.347730","45.564395","4559.623472","4799.129220","4590.171320","4369.805906","3990.609405","4588.717520","4270.470296","4632.529036"
"09/29/2026 00:49:24.853","11.249890","78.217649","57.991180","12.870596","9.758832","8.202950","8.202950","6.647067","26.873536","5115.194319","5069.737445","3740.455580","4055.762105","4060.098810","2286.155275","3763.226228","4846.865489"
"09/29/2026 00:49:25.858","9.787161","59.588795","50.263133","6.743374","8.297651","11.406205","36.274639","9.851928","30.057531","5083.600848","5036.465185","3716.591614","4117.731381","4157.898474","2162.483960","3942.789029","4855.848928"
"09/29/2026 00:49:26.865","7.057642","62.745444","50.327259","11.520430","9.968157","8.415884","-1","8.415884","25.490888","5085.783590","5031.061927","3767.109504","3932.685497","3950.951907","2008.097619","3606.750528","4791.055695"
"09/29/2026 00:49:27.871","5.913344","47.197581","56.515655","8.372272","6.819260","5.266247","0.000000","3.713235","27.008420","5043.551874","5071.440426","3869.749928","3904.732924","3989.032056","3342.325525","3601.666628","4683.663175"
"09/29/2026 00:49:28.879","13.360201","33.324184","89.145797","16.267579","28.672382","20.919380","2.312176","17.818180","44.178386","4918.995776","5122.714364","4430.587017","4393.203827","4163.119713","4395.884629","4385.384807","4617.902035"
"09/29/2026 00:49:29.884","14.207441","30.070970","42.502797","53.380647","59.596560","17.639142","0.000000","14.531185","53.380647","4763.654294","4739.926196","4349.262047","3952.594123","4148.052312","2373.599409","3866.404679","4672.229915"
"09/29/2026 00:49:30.890","9.942757","5.284624","16.153601","56.524090","62.734934","6.837335","2.179201","8.390046","37.891556","3980.700185","4447.768965","4163.623264","3888.046003","3995.052177","2658.117619","3845.544766","4800.959382"
"09/29/2026 00:49:31.895","12.147349","12.860548","20.640856","92.219692","39.313596","20.640856","5.080240","14.416610","28.421165","4570.271451","4635.297510","4067.259922","4200.607729","3985.029626","4597.958928","4287.738946","4722.104793"
"09/29/2026 00:49:32.904","7.029592","8.642537","11.739401","25.675285","81.418821","13.287832","0.000000","5.545674","17.933127","3700.480913","4304.403844","4255.986795","3820.480396","3940.008361","2169.105513","3614.741573","4763.339785"
"09/29/2026 00:49:33.915","7.056203","5.768896","19.671846","70.649328","38.209112","5.768896","0.000000","5.768896","22.761390","3698.495012","4370.026045","4187.703683","3936.737414","3819.951681","1977.825077","3601.330423","4713.996071"
"09/29/2026 00:49:34.919","10.321332","3.512753","12.850229","14.406475","95.331262","9.737737","3.512753","8.181491","23.743950","3947.692342","4292.139210","4218.593626","3773.568833","4061.002240","2367.422819","3771.738861","4778.971396"
"09/29/2026 00:49:35.923","8.148383","6.591576","20.602840","28.386875","43.954946","37.727717","22.159647","6.591576","25.273261","4004.064826","4459.720338","4252.915695","3873.845607","3955.270284","4240.500313","3767.513467","4760.837761"
"09/29/2026 00:49:36.934","9.448890","11.896219","18.078940","7.259178","7.259178","100.000000","8.804858","11.896219","31.990064","4078.798592","4601.750507","4067.549895","4093.009136","3543.216500","4594.576526","3749.962988","4713.403374"
"09/29/2026 00:49:37.939","15.097337","8.297350","19.177326","11.405915","12.960197","100.000000","3.634504","14.514479","53.371534","4439.648204","4889.862635","4416.329101","4436.930195","3416.368117","4378.348398","4408.068856","4556.689639"
"09/29/2026 00:49:38.941","13.081059","20.486714","23.604882","22.045798","15.809461","100.000000","4.895873","12.691293","40.754806","4468.813718","4849.025356","4143.452714","3951.543486","3324.472036","4605.968776","4093.127625","4359.187521"
"09/29/2026 00:49:39.947","14.909572","17.629353","14.521026","12.966863","20.737679","100.000000","6.750211","6.750211","56.483432","4174.001374","4747.441178","4126.261333","4255.079635","3439.991019","4455.509853","4004.815170","4699.217300"
"09/29/2026 00:49:40.949","14.108269","22.093675","20.535549","17.419296","25.209928","100.000000","0.000000","14.303043","85.976862","4416.055359","4739.729078","4456.032014","4579.685262","3439.765145","4012.209948","4313.667757","4963.582353"
"09/29/2026 00:49:41.957","11.193757","5.445562","10.095780","0.795344","3.895489","98.449927","8.545707","3.895489","98.449927","3830.358374","4355.560753","3660.801625","3399.631551","3579.490042","4690.067545","3248.048298","5004.962116"
"09/29/2026 00:49:42.966","10.806298","7.063004","28.748303","8.611953","7.063004","87.608400","7.063004","5.514054","78.314701","4366.063241","4790.896171","4334.764073","4499.909703","3601.832070","4498.413456","4438.659668","4845.085126"
"09/29/2026 00:49:43.968","11.679237","14.213835","18.893081","3.295596","12.654087","6.415093","14.213835","40.729559","96.880503","4291.416347","4689.991259","4210.040867","4253.832997","4396.381043","2110.978402","4293.812855","3586.806779"
"09/29/2026 00:49:44.974","9.361182","8.390738","20.812333","11.496136","11.496136","3.732640","36.339326","19.259633","100.000000","3936.926005","4523.372934","4068.347042","4146.135376","4281.633812","2036.023305","4435.483316","3584.306320"
"09/29/2026 00:49:45.983","6.921808","5.501754","13.247511","10.149208","11.698360","8.600057","-1","13.247511","98.450848","3877.712858","4462.047530","3953.828504","4095.283975","4186.476644","2038.616766","4292.232384","3607.236707"
"09/29/2026 00:49:46.986","7.462909","12.784114","19.013821","8.111835","17.456394","12.784114","-1","14.341541","100.000000","3854.563133","4479.661930","3980.572610","4266.005539","4358.457056","2133.150628","4275.342787","3604.358334"
"09/29/2026 00:49:47.995","8.078024","7.110427","16.399384","5.562267","7.110427","7.110427","31.880980","8.658586","100.000000","3934.065729","4468.291626","4011.856435","4152.094802","4342.424147","2248.088843","4319.292062","3611.188099"
"09/29/2026 00:49:49.007","6.521531","8.901915","15.078056","11.989985","11.989985","7.357879","-1","10.445950","100.000000","3974.038339","4526.175873","3961.602719","4250.877932","4227.517945","2514.901902","4170.779457","3637.671587"
"09/29/2026 00:49:50.017","9.253040","7.124654","19.508033","10.220498","13.316343","11.768421","14.864266","21.055956","84.520776","4155.993885","4629.834759","4218.718451","4412.463636","4446.330424","4629.615040","4426.107099","3617.217403"
"09/29/2026 00:49:51.023","10.886727","11.533411","9.981366","65.855001","47.230456","20.845683","31.710001","8.429320","23.949774","4085.348980","4513.350916","4160.514235","3953.225653","4090.854812","3803.844342","3928.892609","4735.201573"
"09/29/2026 00:49:52.038","10.263434","9.172998","18.409642","76.908389","32.264608","19.949083","3.015235","10.712438","24.567405","3882.859523","4318.747660","4119.442943","4015.390617","4125.326111","2682.423541","3750.762333","4627.511546"
"09/29/2026 00:49:53.039","10.486991","4.762319","12.568686","93.754906","14.129960","11.007413","1.639772","9.446139","29.742694","3793.570098","4258.161232","4083.654925","4182.204234","4015.813166","2499.365302","3809.670184","4587.671049"
"09/29/2026 00:49:54.052","6.743425","5.907912","13.620378","56.810189","56.810189","10.535392","2.822926","2.822926","18.247858","3825.384981","4274.242789","4121.811905","3890.055059","4018.338377","2520.211734","3604.825086","4497.196664"
"09/29/2026 00:49:55.065","5.542174","4.385543","13.638555","73.783133","32.144579","5.927711","1.301205","1.301205","21.349398","3759.242831","4273.709579","4133.397040","3760.651333","4034.870306","2540.902008","3594.988379","4642.453676"
"09/29/2026 00:49:56.071","9.820155","8.331190","8.331190","76.694370","8.331190","31.636819","2.116355","6.777481","19.207150","3723.510305","4234.479154","4116.949237","4040.474601","3673.761415","2360.543302","3536.488794","4566.036897"
"09/29/2026 00:49:57.076","12.562212","19.168618","28.495316","33.158665","22.277517","26.940866","11.396369","14.505269","51.812061","4673.884344","4881.531398","4464.382476","4484.268720","4218.918283","4199.372203","4220.962188","4630.410911"
"09/29/2026 00:49:58.085","9.465593","58.185108","86.061703","10.175418","8.626718","5.529319","8.626718","10.175418","25.662415","5060.775778","5114.026553","3800.615423","3797.369487","4018.155901","2139.053700","3554.607757","4636.671937"
"09/29/2026 00:49:59.090","10.049155","34.722492","84.457736","11.409096","16.071775","17.626002","6.746417","11.409096","39.385171","4929.050386","5121.559588","3976.081948","3904.250078","4080.236275","2364.236923","3904.218608","4788.256835"
"09/29/2026 00:50:00.099","8.493595","30.305419","82.963547","13.268966","10.171429","8.622661","-1","10.171429","25.659114","4905.606954","5126.424151","3859.380658","3823.745015","4111.733530","1925.926103","3541.420618","4509.192673"
"09/29/2026 00:50:01.105","8.002168","34.740453","76.693019","8.325875","9.879674","9.879674","0.000000","3.664479","28.525259","4940.703411","5119.764172","3810.691460","3711.860778","3920.788402","2189.642857","3667.739579","4591.303399"
"09/29/2026 00:50:02.113","8.721488","87.605748","22.535924","5.493827","8.592390","14.789516","11.690953","10.141671","22.535924","5143.314446","4830.967051","3625.197396","3988.065266","4185.276731","2114.364865","3687.533575","4700.176765"
"09/29/2026 00:50:03.124","9.315445","7.254425","11.891704","59.810251","75.267847","11.891704","19.620502","10.345944","25.803540","4087.516892","4373.849788","4373.649963","4044.062031","4211.427583","2815.892665","3756.396499","4673.073966"
"09/29/2026 00:50:04.134","8.033853","5.649311","13.382974","45.864359","67.518615","11.836241","-1","7.196044","27.303567","3879.735222","4380.093560","4224.031063","3850.334609","4110.195278","2594.777778","3768.552040","4812.875235"
"09/29/2026 00:50:05.142","7.986665","10.054377","11.605164","59.679548","53.476402","5.402017","-1","5.402017","24.011457","3774.899597","4271.855366","4264.899459","3993.818245","4044.489189","2616.817844","3582.386758","4707.712373"
"09/29/2026 00:50:06.152","6.528534","5.626049","10.267391","81.434633","31.926986","8.720277","-1","4.078935","21.097188","3873.961537","4282.921241","4146.460463","4122.845665","4042.413115","2080.788866","3825.073339","4626.112384"
"09/29/2026 00:50:07.159","10.802583","5.373175","16.231991","51.910958","62.769774","6.924435","31.744586","6.924435","19.334510","3946.574437","4299.318772","4211.479730","3935.321970","3970.593703","2848.304016","3563.092568","4613.597253"
"09/29/2026 00:50:08.167","6.346604","8.542613","14.743114","92.249374","20.943615","6.992488","-1","8.542613","22.493740","3968.452508","4296.172764","4146.857322","4185.449792","4113.200588","2367.125459","3730.927157","4653.960775"
"09/29/2026 00:50:09.173","9.221697","3.653279","17.639093","65.812454","47.164701","9.869196","37.840825","2.099299","22.301031","3700.667733","4334.623180","4215.802262","3954.572292","4022.853900","2160.984202","3670.203184","4505.098539"
"09/29/2026 00:50:10.181","8.010723","6.977132","19.380181","47.287041","64.341234","6.977132","-1","10.077894","25.581705","3960.108137","4351.721467","4257.098576","3959.325989","4093.591296","2454.723361","3820.495059","4584.047706"
"09/29/2026 00:50:11.185","8.778333","6.638803","15.974922","15.974922","25.311042","67.323581","0.000000","5.082783","28.423082","4337.564468","4357.315468","4220.143328","3915.704498","3774.157069","4315.633703","3742.764751","4636.691903"
"09/29/2026 00:50:12.188","9.136274","8.097838","14.328493","9.655502","12.770829","100.000000","8.097838","4.982510","53.270087","3887.813372","4362.254954","3995.867168","3979.971023","3566.842447","4577.360656","3722.944188","4908.951951"
"09/29/2026 00:50:13.196","13.591644","3.904603","20.953786","11.654232","11.654232","98.450074","5.454529","10.104306","100.000000","3919.774949","4447.141499","4254.575056","4089.125554","3503.980668","4414.227331","4033.207956","4995.289966"
"09/29/2026 00:50:14.204","10.861240","6.985641","19.387556","6.985641","11.636359","100.000000","2.334923","10.086120","79.846889","4295.389362","4596.411476","4374.901579","4264.026607","3470.965160","4371.385923","4214.638321","4864.063709"
"09/29/2026 00:50:15.208","10.478144","8.209302","15.988175","11.320851","11.320851","100.000000","3.541978","5.097753","39.324793","3784.066945","4345.183735","3884.183291","3982.603348","3528.894169","4631.469777","3799.916242","4816.503596"
"09/29/2026 00:50:16.217","4.847284","3.943536","16.337918","10.140727","8.591429","100.000000","0.000000","2.394238","25.633705","3601.698218","4356.258160","3696.316485","3974.463573","3579.690581","4408.184958","3804.360601","4597.487676"
"09/29/2026 00:50:17.221","8.977057","3.531240","6.643135","9.755031","9.755031","100.000000","1.975292","5.087187","26.870456","3585.463079","4315.422475","3748.701219","3864.640261","3576.498840","4143.900615","3699.567458","4600.768357"
"09/29/2026 00:50:18.227","7.818643","3.675657","16.104605","0.568421","6.782894","100.000000","2.122039","5.229276","20.765460","3602.893236","4334.255838","3711.797079","4059.307732","3579.050641","4410.064168","3607.747926","4602.668370"
"09/29/2026 00:50:19.233","7.795077","9.930351","11.483276","8.377426","9.930351","100.000000","0.000000","5.271577","27.012526","3795.075994","4378.644332","3835.459874","4066.423063","3574.182576","4023.629295","3809.461918","4709.141634"
"09/29/2026 00:50:20.239","8.758970","14.582861","23.901095","6.817667","9.923745","79.810494","2.158550","20.795017","45.643639","4162.679489","4683.158292","4080.271890","4272.863227","3660.251216","4462.778306","4257.043456","4440.630397"
"09/29/2026 00:50:21.243","12.445317","6.608344","22.173620","8.164871","14.390982","11.277927","20.617092","34.625841","100.000000","4187.817465","4492.670844","3890.496593","4201.519783","4229.184908","2107.916792","4333.724459","3592.356625"
"09/29/2026 00:50:22.256","8.056971","5.936689","24.440947","10.562753","13.646796","7.478710","18.272861","21.356904","100.000000","4096.506481","4472.897596","3805.114307","4264.345087","4281.389271","2109.227708","4412.734902","3605.064412"
"09/29/2026 00:50:23.269","7.377416","7.441688","18.240158","5.899050","10.526965","10.526965","-1","16.697519","98.457361","4090.352728","4448.923460","3795.681225","4021.660130","4277.895856","2025.310273","4337.650167","3602.580673"
"09/29/2026 00:50:24.272","10.264568","8.123383","19.023998","1.894460","8.123383","8.123383","15.909537","14.352306","96.885538","3991.929473","4444.788811","3668.708769","3896.313159","4187.194285","2078.740181","4184.270852","3622.244123"
"09/29/2026 00:50:25.277","6.658788","8.214475","12.881535","11.325848","11.325848","14.437222","-1","9.770162","100.000000","4123.258185","4461.616043","4046.822365","3966.966580","4326.667276","2484.912791","4390.419120","3617.495869"
"09/29/2026 00:50:26.280","5.213662","8.133152","12.804348","9.690217","11.247282","11.247282","0.000000","8.133152","100.000000","4034.839250","4490.907174","4239.820907","4011.087723","4213.687870","2197.865385","4271.992647","3606.648300"
"09/29/2026 00:50:27.291","10.744423","8.812490","21.176898","8.812490","11.903592","10.358041","10.358041","16.540245","98.454449","4303.077726","4753.925405","4231.683463","4327.198441","4394.773257","2827.280667","4364.778272","3596.504416"
"09/29/2026 00:50:28.294","6.861697","6.537174","14.325743","6.537174","11.210315","14.325743","0.306319","11.210315","96.884572","4052.730747","4550.111114","3712.501825","3931.163280","4201.140877","2205.342408","4143.541620","3608.727047"
"09/29/2026 00:50:29.297","7.109984","9.641575","17.431095","6.525768","23.662710","15.873191","0.000000","15.873191","100.000000","4413.459546","4439.877215","3843.341251","4104.305232","4242.119896","2906.487161","4435.952640","3625.051044"
"09/29/2026 00:50:30.303","10.805678","13.006407","23.880606","82.911973","30.094434","34.754805","0.000000","11.452950","39.415176","4404.729216","4596.214959","4052.835051","4044.572667","3916.081383","4338.061741","4087.880131","4623.540304"
"09/29/2026 00:50:31.310","16.982879","17.758740","27.069071","96.896556","31.724237","28.620793","19.310461","19.310461","62.758675","4632.405303","4809.739299","3777.053702","4265.511083","3865.282092","4526.469839","4388.936346","4329.990972"
"09/29/2026 00:50:32.317","7.942927","6.908585","11.563155","87.587811","17.769250","17.769250","-1","5.357061","27.078391","3815.298828","4372.593564","4039.672706","3974.578120","4017.590836","3508.764904","3799.357058","4622.982770"
"09/29/2026 00:50:33.323","9.566965","9.890633","17.658682","68.927804","40.962828","8.337023","11.444243","8.337023","39.409219","3790.860536","4411.149049","4094.618210","3778.490591","4179.296510","2139.833237","3954.700493","4752.759340"
"09/29/2026 00:50:34.330","8.514060","6.963451","14.716497","44.178070","20.918933","51.931116","10.064669","8.514060","27.121370","3750.270591","4342.411263","4154.618841","4062.915534","3654.200487","3495.849020","3892.725949","4553.315625"
"09/29/2026 00:50:35.333","5.753657","4.974761","18.994878","100.000000","11.205924","6.532552","-1","3.416970","31.457205","3839.315006","4465.051977","4092.704128","3977.565524","4138.073563","2285.851987","3953.042105","4768.432499"
"09/29/2026 00:50:36.338","17.402764","22.261423","33.144824","76.678427","36.254367","45.582996","8.268479","23.816194","70.459341","4773.331791","4939.261296","3677.179804","4098.354627","3732.812995","4195.040443","4556.080116","4359.259125"
"09/29/2026 00:50:37.347","9.472603","5.469250","14.767357","81.403787","7.018935","30.264201","22.515779","5.469250","24.065463","4046.082627","4340.598001","4053.995090","4133.992775","3659.789068","2682.604333","3770.530827","4659.667028"
"09/29/2026 00:50:38.349","9.236897","32.950950","42.306631","50.103032","17.358147","32.950950","-1","6.443185","53.221593","4965.911220","4946.004098","4182.285293","4258.279870","3809.705954","3201.760102","4139.263624","4840.582516"
"09/29/2026 00:50:39.363","11.590221","32.249109","89.221449","15.311386","10.692007","9.152214","13.771593","12.231800","47.647039","4873.098735","5140.909077","4023.725925","4128.971340","4192.028069","2315.365994","3869.429456","4637.010913"
"09/29/2026 00:50:40.366","8.714684","37.671478","71.952165","4.949004","4.949004","14.298283","3.390791","9.623643","23.647561","4992.008801","5101.174596","3899.408271","4122.362514","4275.338450","2267.433046","3985.514332","4596.454122"
"09/29/2026 00:50:41.374","6.423842","59.674361","53.470417","2.287876","8.491820","5.389848","0.000000","5.389848","25.552667","5082.319808","5043.478903","3594.607264","3913.587086","4147.407913","2618.383689","3670.166328","4601.648345"
"09/29/2026 00:50:42.381","8.636260","22.463594","84.492719","5.405585","16.260682","13.159226","0.753401","6.956313","20.912866","4868.318499","5132.812085","3627.734853","3991.433387","4185.117762","2196.317308","3761.748206","4607.147219"
"09/29/2026 00:50:43.384","11.318758","34.560253","76.628662","12.747005","12.747005","17.421272","0.000000","9.630826","40.792610","4939.651814","5114.757797","4313.145149","4317.078142","4371.596052","2507.362471","4243.577599","4606.974177"
"09/29/2026 00:50:44.393","13.303994","31.830984","79.859154","10.140843","10.140843","14.788730","41.126759","11.690138","31.830984","4940.210102","5097.089528","4001.725497","3935.276325","4114.777830","4369.213122","4208.239999","4466.219357"
"09/29/2026 00:50:45.399","9.352113","14.653923","48.792354","14.653923","16.205670","58.102835","-1","9.998682","45.688860","4397.508444","5026.381502","3965.522467","4004.992465","3676.212870","2985.669451","3967.465805","4637.854929"
"09/29/2026 00:50:46.407","9.757603","6.913280","16.221952","11.567616","6.913280","56.559531","3.810389","5.361835","67.419648","3887.682994","4474.608196","4204.609739","3994.236513","3643.124401","2267.853774","3947.157253","3816.171220"
"09/29/2026 00:50:47.412","8.354751","6.735581","17.616430","47.150163","11.398802","9.844395","-1","5.181174","67.357453","3963.638460","4425.591074","4092.645087","3904.076120","4319.547705","2042.411411","3961.904199","3742.902653"
"09/29/2026 00:50:48.418","6.675463","5.251651","54.955703","47.189445","6.804902","9.911406","16.124412","11.464657","23.890670","3767.607866","5049.310944","4000.728933","3776.072964","4196.790469","2206.369099","3959.087218","4564.567101"
"09/29/2026 00:50:49.420","8.004568","9.563813","28.274748","76.611331","8.004568","14.241546","-1","9.563813","31.393237","3995.145021","4819.283103","4060.827006","4011.985779","4232.152229","3083.421402","3827.985879","4757.766144"
"09/29/2026 00:50:50.426","8.608418","9.966672","11.518971","16.175867","3.757477","84.477012","19.280465","8.414373","31.698855","4122.663109","4561.634251","4029.334036","4023.047461","3648.578720","4423.897940","3870.350563","4780.613113"
"09/29/2026 00:50:51.433","9.629900","9.953343","11.505871","5.295757","8.400814","96.894943","13.058400","8.400814","25.478628","4082.015980","4353.075395","3877.282184","4104.567978","3482.503142","4624.953537","3935.080760","4704.019795"
"09/29/2026 00:50:52.438","10.565607","9.853247","22.287282","8.298992","17.624518","9.853247","9.853247","37.829825","95.337237","4138.119677","4560.198016","3945.263546","4516.930300","4490.422323","4007.046081","4340.994971","3634.145628"
"09/29/2026 00:50:53.441","8.600418","4.965211","18.986737","14.312895","12.754947","17.428790","-1","20.544684","89.094368","4139.311094","4514.863911","4257.352887","4362.424439","4503.927200","3669.142312","4538.744999","3557.215492"
"09/29/2026 00:50:54.454","7.079280","7.464839","15.176102","52.190167","44.478903","44.478903","2.838081","7.464839","22.887366","4186.018696","4402.706233","3977.449416","3983.919865","3650.775519","3924.192052","3715.444003","4611.902866"
"09/29/2026 00:50:55.458","9.346756","37.748849","36.192570","48.642800","12.848389","17.517225","0.398158","5.066995","28.411176","4970.697055","4914.836455","3965.214933","4098.938183","3788.411144","2812.192340","3855.973856","4557.508242"
"09/29/2026 00:50:56.464","8.561135","61.172453","56.513148","13.026295","14.579397","2.154582","0.000000","6.813888","31.663518","5073.767014","5029.645824","4159.873560","4119.667577","4114.777393","2726.504978","3785.228338","4739.820374"
"09/29/2026 00:50:57.466","10.034368","4.834046","12.634534","71.918243","59.437462","9.514339","1.713851","7.954241","20.435022","4029.201537","4426.788837","4158.702100","3918.752287","4119.880770","2486.539528","3831.711856","4712.494850"
"09/29/2026 00:50:58.468","8.241306","3.302450","14.219915","34.495208","28.256656","51.651225","20.458467","11.100639","25.137380","4043.657058","4475.094469","4063.444923","3956.516540","3757.411928","4260.874747","3814.175770","4732.251020"
"09/29/2026 00:50:59.478","7.046941","7.175865","18.005347","5.628796","5.628796","100.000000","14.911210","8.722934","18.005347","3814.985542","4286.596881","3622.022153","3927.502308","3498.226174","4520.238347","3561.197001","4473.471342"
"09/29/2026 00:51:00.487","13.537476","8.633628","24.119454","8.633628","13.279376","38.056697","41.153862","27.216619","78.319844","4073.429506","4620.214427","4113.423781","4042.152385","3847.120737","4494.870608","4358.739768","3726.492217"
"09/29/2026 00:51:01.496","5.930428","7.091786","21.028018","5.543315","10.188726","7.091786","-1","22.576488","100.000000","3871.166648","4579.352915","3852.405417","3807.408120","4359.521696","2104.979432","4403.402991","3513.163284"
"09/29/2026 00:51:02.499","9.001405","6.601589","17.498070","34.621112","47.074234","45.517594","0.000000","12.828150","28.394552","4082.748123","4394.525842","4203.026849","3999.345576","3813.391405","4107.347978","4084.862835","4426.332798"
"09/29/2026 00:51:03.500","8.359779","28.196731","31.318613","40.684256","29.757672","17.270147","0.099800","4.782622","18.831088","4829.458773","4845.370103","4016.863745","3983.092423","4060.678023","2846.989097","3802.586472","4674.989768"
"09/29/2026 00:51:04.504","10.483968","31.500776","85.988795","6.591967","8.148767","6.591967","37.727978","11.262368","23.716773","4905.328256","5135.432782","3754.730870","3918.680475","4155.730900","2619.496216","3943.512325","4870.936967"
"09/29/2026 00:51:05.510","7.814428","13.054443","23.922638","64.290218","53.422023","8.396645","-1","9.949245","33.238233","4366.825265","4560.542753","4271.561290","3963.521064","3966.027549","4219.846764","3805.173335","4770.333960"
"09/29/2026 00:51:06.520","9.512733","10.222188","16.413762","38.084268","48.919521","36.536375","11.770082","11.770082","25.701121","4241.043564","4496.322521","4195.170863","3942.427299","4040.937746","4306.837665","3989.768506","4793.426472"
"09/29/2026 00:51:07.528","8.451199","8.580325","13.228783","7.030839","7.030839","100.000000","16.327755","3.931867","14.778269","4180.214090","4296.145385","3660.344381","4036.843142","3504.156293","4478.175556","3566.938189","4640.389086"
"09/29/2026 00:51:08.536","10.872868","8.547812","22.498146","8.547812","16.297998","100.000000","6.997775","5.447738","30.248331","4123.272613","4427.269532","3921.983193","3967.936014","3481.645625","4671.750598","3834.698522","4769.735484"
"09/29/2026 00:51:09.543","7.559066","14.610190","19.267816","6.847480","14.610190","8.400022","0.000000","33.240694","96.894916","4208.217871","4594.541251","4020.510777","4376.793659","4195.742834","2354.293856","4395.902354","3687.735299"
"09/29/2026 00:51:10.550","10.034117","8.482981","28.647748","5.380709","10.034117","11.585253","11.585253","11.585253","100.000000","4147.336031","4641.459154","3827.472748","4374.127796","3962.524080","2228.806962","4313.214209","3495.874056"
"09/29/2026 00:51:11.555","13.894953","17.587948","28.472559","44.022003","36.247281","28.472559","26.917615","19.142893","64.236279","4660.004997","4700.761784","4066.929321","3931.791265","3817.560798","4530.566979","4474.027261","3972.546155"
"09/29/2026 00:51:12.561","8.247139","5.270673","16.141251","56.517686","37.882408","39.435348","-1","6.823612","44.094167","4135.879416","4415.275160","4036.719271","4027.295716","3546.642770","4502.591640","3859.403610","4853.642530"
"09/29/2026 00:51:13.569","13.926088","33.362129","44.210155","17.864950","13.215796","56.607898","2.367771","8.566642","100.000000","4930.244561","4972.742468","4572.505211","4345.883067","3534.468957","3656.789941","3899.945323","4993.881113"
"09/29/2026 00:51:14.575","10.373610","42.494053","79.795208","11.409757","6.747112","6.747112","25.397690","2.084468","89.120496","5007.889317","5129.066811","4508.265343","3995.028167","4264.168266","4102.787302","4036.221512","4957.885190"
"09/29/2026 00:51:15.584","10.631330","14.825527","24.117288","50.443943","69.027464","11.728273","-1","13.276900","50.443943","4716.525567","4656.936846","4278.761742","3946.911982","4224.436116","2155.165122","4272.563235","4720.939241"
"09/29/2026 00:51:16.590","8.432572","8.367864","9.920951","56.513563","54.960476","6.814777","17.686386","3.708603","27.004909","4125.151678","4424.098851","4121.363447","3822.596274","4145.810365","1968.979100","3717.680014","4691.083334"
"09/29/2026 00:51:17.596","7.585824","5.322352","16.187000","13.082814","22.395370","76.718611","0.000000","2.218166","25.499555","4027.638760","4427.451275","4324.986344","3818.370168","3630.781489","4456.953253","3611.343405","4462.137350"
"09/29/2026 00:51:18.607","9.361474","10.327767","16.512059","11.873840","10.327767","100.000000","5.689549","13.419913","24.242424","3690.118955","4340.122950","3930.717830","3912.127991","3434.151255","4665.588782","3682.373189","4595.804002"
"09/29/2026 00:51:19.612","8.768895","9.805615","20.691144","11.360691","6.695464","39.352052","8.250539","33.131749","62.678186","4107.351480","4495.494079","4065.018755","3776.396086","3613.989087","4594.215292","4142.988877","3947.477530"
"09/29/2026 00:51:20.616","8.908365","6.639175","17.531271","3.527147","9.751202","9.751202","26.867353","47.095532","67.323711","3882.453986","4383.260663","3918.652057","3854.289186","3814.503674","4646.498890","3795.329917","3565.323972"
"09/29/2026 00:51:21.623","11.209681","8.428920","17.741233","19.293285","16.189181","19.293285","47.230225","3.772763","70.511008","3921.670388","4393.042278","4156.094324","3907.497494","4037.300161","4285.582013","4526.071608","3627.774691"
"09/29/2026 00:51:22.629","6.560180","5.266003","19.243150","8.372035","13.031084","11.478068","100.000000","11.478068","22.349182","3926.964370","4349.015524","4063.819384","4054.188201","4091.893941","3696.508308","2048.885604","4707.970557"
"09/29/2026 00:51:23.634","9.607311","22.298551","36.284811","8.312290","6.758261","8.312290","72.027478","0.542145","36.284811","4840.280396","4903.133528","3866.033013","4143.258961","4085.447824","3871.057354","4432.822809","4755.757031"
"09/29/2026 00:51:24.643","10.694685","70.575703","48.894643","8.629815","8.629815","11.727110","16.373051","0.000000","16.373051","5101.140030","5032.628288","3734.295504","3649.518071","3720.498918","4599.160957","2251.320769","4556.570448"
"09/29/2026 00:51:25.651","7.940235","16.274069","30.228390","37.980792","50.384633","6.971187","22.475989","0.000000","17.824549","4689.115170","4816.719295","4192.486957","3815.084635","3774.373645","4515.002701","2292.696758","4647.440259"
"09/29/2026 00:51:26.660","10.033053","7.130891","7.130891","41.182898","78.330541","4.035254","21.061258","41.182898","13.322165","3769.994799","4164.539245","4237.217048","3575.388970","3603.983469","4556.192839","2382.642308","4539.152539"
"09/29/2026 00:51:27.665","8.453095","12.861876","14.417914","26.866217","40.870559","31.534331","61.099052","-1","25.310179","3955.066588","4330.562789","4052.373922","3640.106789","4055.962703","4102.083840","2257.405215","4573.881219"
"09/29/2026 00:51:28.672","10.858260","2.260827","11.569320","10.017904","8.466489","23.980643","93.794338","0.000000","23.980643","4018.582463","4345.050089","3754.147586","3893.929821","4204.383301","3840.293963","3941.045302","4641.715639"
"09/29/2026 00:51:29.676","6.877436","6.683028","20.680574","8.238311","6.683028","5.127745","23.791140","28.456988","100.000000","3947.795673","4389.897657","3832.625041","3970.420218","3742.156661","4690.065967","4361.240094","3562.599959"
"09/29/2026 00:51:30.679","12.192533","12.776620","20.564422","17.449301","25.237103","19.006862","61.060991","8.103939","67.291233","3970.819631","4384.868137","4292.309632","4011.459043","3890.551320","4075.331805","4556.611268","3877.699465"
"09/29/2026 00:51:31.684","8.631520","12.908338","20.684379","12.908338","11.353130","12.908338","84.447917","0.000000","23.794796","4545.068887","4678.063056","4247.831267","3878.820170","4044.060212","3854.303476","2043.200627","4639.911074"
"09/29/2026 00:51:32.689","8.733897","51.808388","62.690365","11.389617","5.171344","2.062208","19.162457","0.507640","26.935298","5044.233219","5067.828035","4194.441368","3934.961309","3764.918963","4694.630325","2226.932331","4704.653974"
"09/29/2026 00:51:33.693","9.528186","6.609749","3.496740","45.522353","90.660975","3.496740","19.061782","0.383732","17.505278","3670.706590","4165.477787","4332.095047","3662.418477","3417.261871","4425.524941","2226.045000","4435.698926"
"09/29/2026 00:51:34.702","9.437906","10.211941","14.856151","17.952291","19.500361","36.529131","73.682810","8.663871","25.692641","4038.412540","4363.333694","4084.483303","3694.361457","4052.368777","4070.532986","2233.234712","4653.981101"
"09/29/2026 00:51:35.711","8.826162","7.018179","11.667270","5.468482","3.918785","14.766664","70.555757","10.117573","50.409695","3987.166750","4438.833145","3704.005387","3906.937744","4296.913135","3966.841060","4352.520877","4191.853437"
"09/29/2026 00:51:36.717","8.012769","5.295842","13.058478","6.848369","5.295842","8.400896","31.688804","19.268586","98.447473","3881.639880","4302.391345","3793.794900","3779.409576","3572.441929","4727.699433","4471.587058","3438.514410"
"09/29/2026 00:51:37.719","9.922778","11.092617","15.771953","14.212174","26.690403","22.011067","81.282656","0.174166","39.168632","4232.074832","4466.387150","4196.098132","4061.138317","4197.060942","3907.731451","3476.439320","4464.612008"
"09/29/2026 00:51:38.720","10.554291","36.035915","51.636911","11.074321","12.634421","6.394022","57.877310","34.475816","25.115218","4940.852637","5005.371761","4239.625338","3920.840122","3958.191807","3968.632490","2332.477157","4646.747945"
"09/29/2026 00:51:39.725","7.419191","25.312961","54.876581","23.756981","37.760801","9.753161","20.645021","-1","23.756981","4707.535750","5043.556188","4408.252423","3802.157094","3750.273585","4688.028136","2236.643976","4700.775317"
"09/29/2026 00:51:40.733","10.414002","5.508724","8.606798","67.470216","53.528880","7.057761","13.253910","0.861612","25.646209","4019.370458","4242.418968","4201.816561","3777.292796","3797.909710","4447.156532","3438.899366","4651.401330"
"09/29/2026 00:51:41.749","11.402204","9.222510","18.454120","7.683909","10.761112","35.378736","93.845594","49.226150","26.147127","4172.755952","4417.136751","3876.237020","3985.275180","4178.255010","3954.776972","2216.532164","4653.809926"
"09/29/2026 00:51:42.755","3.637746","9.915211","14.574769","5.255653","8.362025","9.915211","100.000000","-1","14.574769","4079.492296","4407.485096","3753.765762","3914.608039","4143.410324","3779.996526","2039.134339","4619.965707"
"09/29/2026 00:51:43.765","11.302167","8.723738","14.911959","2.535517","4.082572","14.911959","98.452945","70.605950","24.194291","4184.301299","4277.753271","3724.935489","3817.505685","3995.758849","3795.275556","2522.450635","4560.874576"
"09/29/2026 00:51:44.774","6.698653","5.537230","11.731510","5.537230","8.634370","10.182940","100.000000","-1","25.668640","3943.681247","4317.012862","3761.898803","3874.631101","4060.118708","3809.596373","2193.873652","4619.897395"
"09/29/2026 00:51:45.781","5.789009","6.888244","14.647557","3.784519","3.784519","5.336381","100.000000","-1","17.751282","3989.693535","4255.228560","3569.241307","3682.438564","3994.045215","3817.434890","2161.457300","4453.970153"
"09/29/2026 00:51:46.787","10.634929","8.436369","9.988295","3.780591","8.436369","6.884443","100.000000","50.338370","23.955628","3967.143970","4350.151655","3751.853890","3751.295957","3972.089540","3821.184117","2503.533722","4587.039268"
"09/29/2026 00:51:47.795","6.278812","11.639840","13.190018","6.989305","8.539483","8.539483","100.000000","-1","20.940909","3961.193962","4282.007456","3642.804379","3718.514631","3957.178406","3820.025409","2161.952066","4494.739573"
"09/29/2026 00:51:48.803","8.352918","5.379883","16.237929","5.379883","8.482182","6.931032","67.425861","3.828733","61.221263","3929.678082","4407.704125","3702.373832","3751.251420","3808.295280","4225.674382","4457.526314","3931.548161"
"09/29/2026 00:51:49.803","7.825552","9.387831","12.512388","1.576437","12.512388","9.387831","29.697455","9.387831","98.437721","3972.189032","4407.248537","3586.222989","3736.173346","3726.614504","4620.986479","4453.357749","3492.124723"
"09/29/2026 00:51:50.811","9.320015","6.994887","22.495739","3.894717","8.544972","6.994887","24.045825","11.645143","100.000000","3911.923928","4355.777294","3734.791370","3736.540617","3716.442328","4576.092880","4350.084997","3471.666293"
"09/29/2026 00:51:51.817","8.316416","8.381114","13.039702","2.169664","8.381114","5.275389","25.462601","3.722527","100.000000","3868.459214","4337.797300","3572.349260","3626.509182","3831.746399","4543.978825","3908.886905","3481.165602"
"09/29/2026 00:51:52.822","8.478478","6.663611","17.552856","8.219217","3.552398","6.663611","31.553315","1.996791","100.000000","3981.856644","4248.626813","3660.203495","3761.799377","3855.557050","4625.649670","3253.346609","3470.906831"
"09/29/2026 00:51:53.837","11.184675","7.657712","12.274826","9.196750","12.274826","10.735788","23.048093","12.274826","100.000000","3949.947273","4300.659230","3644.543838","3919.310674","3725.230626","4646.634888","3628.082191","3499.390791"
"09/29/2026 00:51:54.842","6.940369","3.637629","16.071483","6.746092","8.300324","5.191860","17.625715","0.000000","100.000000","3946.506936","4309.247771","3679.495950","3964.357347","3746.550401","4674.756465","3693.067641","3516.368749"
"09/29/2026 00:51:55.843","7.643726","7.903878","11.025780","6.342927","9.464829","7.903878","21.952439","1.660073","100.000000","3967.163091","4273.773384","3794.777255","3903.826747","3565.921193","4700.502435","3589.982413","3491.698674"
"09/29/2026 00:51:56.859","11.840337","9.211577","12.289151","16.905511","19.983085","13.827937","61.530329","16.905511","66.146690","4155.980287","4415.555370","4276.742210","4021.735303","4058.223927","4221.318917","3274.146709","3791.879189"
"09/29/2026 00:51:57.861","7.218219","8.062286","15.853617","6.504019","14.295351","9.620552","100.000000","0.000000","20.528416","4191.586369","4369.522894","4068.570730","4123.138685","3906.432796","3805.990074","2126.708738","4632.602418"
"09/29/2026 00:51:58.868","8.909091","8.456545","10.008129","13.111297","5.353377","11.559713","100.000000","33.281889","23.972385","4193.470750","4309.746374","4197.166906","4015.150860","3978.740997","3783.781666","2701.835942","4617.974180"
"09/29/2026 00:51:59.877","5.556681","4.008430","8.653183","2.460178","14.846188","7.104932","100.000000","-1","17.942690","4065.617576","4358.809149","4109.581864","4073.961933","3742.945658","3785.554096","4112.927300","4587.579381"
"09/29/2026 00:52:00.882","11.301673","11.366460","12.921434","6.701537","5.146562","8.256511","100.000000","70.455487","23.806255","3998.274864","4339.318949","4110.085237","3918.691096","3724.455641","3824.352181","2856.490262","4668.427604"
"09/29/2026 00:52:01.888","6.547028","6.741315","17.621495","5.187003","6.741315","2.078380","100.000000","-1","25.393052","4034.074219","4360.507138","4020.711257","3887.761855","3765.854785","3840.338130","2062.062130","4550.232133"
"09/29/2026 00:52:02.896","6.315609","5.476263","10.124971","5.476263","8.575402","5.476263","100.000000","-1","19.422388","3950.892517","4290.455309","3687.435283","3895.882897","3661.103570","3839.719763","2245.291355","4558.038230"
"09/29/2026 00:52:03.903","8.758563","17.805161","20.906853","5.398393","10.050931","5.398393","87.593232","5.398393","20.906853","4389.685242","4646.484553","3828.977360","3796.914864","3752.661463","3918.764197","2210.262048","4614.100760"
"09/29/2026 00:52:04.907","7.545519","75.085951","53.286158","5.015188","3.458060","8.129444","20.586469","-1","15.915085","5104.266892","5082.462783","3813.429166","3676.675709","3442.852943","4474.299432","2223.869242","4496.076406"
"09/29/2026 00:52:05.914","9.080962","53.441176","59.649019","6.882353","9.986274","5.330392","22.401961","0.000000","19.298039","5044.583564","5078.324619","3652.926434","3634.938728","3569.336071","4483.582322","2108.982477","4477.194021"
"09/29/2026 00:52:06.924","10.976912","35.021523","79.887614","4.079391","7.173604","7.173604","21.097563","67.510761","14.909137","4947.162519","5132.794814","3591.268962","3607.700083","3413.127247","4560.780697","2043.765891","4524.258090"
"09/29/2026 00:52:07.927","6.006900","11.261175","100.000000","8.147532","6.590710","9.704353","20.602104","-1","15.931639","4203.572803","5140.919026","3524.619602","3558.366502","3645.209696","4555.564086","2239.980070","4530.720681"
"09/29/2026 00:52:08.933","10.517352","20.804943","90.682934","3.723656","6.829344","6.829344","25.463476","72.048803","13.040721","4735.740249","5149.831174","3590.502866","3739.405809","3622.260832","4623.298496","2301.316285","4662.956151"
"09/29/2026 00:52:09.948","5.345441","4.511201","59.956310","30.693614","38.394323","6.051343","22.992904","-1","18.372479","4149.673892","5091.349038","4443.464850","3903.103461","3705.703795","4691.512879","3490.497989","4651.660694"
"09/29/2026 00:52:10.954","10.597368","6.845305","11.503040","67.395857","42.554605","11.503040","16.160775","41.002027","19.265931","3742.754010","4512.485246","4131.113243","3735.022198","3664.192868","4665.474578","2303.978339","4565.200650"
"09/29/2026 00:52:11.965","7.728169","7.212678","8.759133","22.677231","89.174812","7.212678","21.130776","-1","11.852044","3842.210250","4449.414388","4160.129418","3588.495320","3648.260176","4564.010493","2374.632888","4492.612305"
"09/29/2026 00:52:12.974","6.243734","3.985330","11.728448","42.700923","62.833031","8.631201","16.374320","0.000000","22.568814","3825.169632","4477.460721","4120.579118","3631.446014","3559.655304","4438.108680","2111.113984","4665.149376"
"09/29/2026 00:52:13.979","12.727305","8.324818","11.432451","89.123283","16.093901","3.663368","93.784733","6.771001","25.416801","4045.952458","4642.681421","3987.746640","3805.171550","4038.197437","4989.012463","2265.502120","4698.770962"
"09/29/2026 00:52:14.988","6.907777","5.553012","0.908078","98.451689","4.004701","2.456390","86.065199","0.000000","14.842880","3818.393404","4176.076861","4031.876033","4228.323132","3392.606594","5037.544183","2108.072398","4616.657157"
"09/29/2026 00:52:15.995","9.762148","8.403726","6.851247","20.823560","89.132646","3.746289","44.110748","37.900832","17.718602","4084.507089","4599.045604","4119.215309","3499.405842","4216.598840","4753.477688","2600.374895","4788.488189"
"09/29/2026 00:52:17.001","7.478347","2.172912","8.384155","72.049403","8.384155","3.725723","40.993185","-1","22.359454","3789.145805","4614.882587","4070.188996","3790.864048","3713.798926","4538.084105","2157.329200","4739.329163"
"09/29/2026 00:52:18.010","9.318926","7.059963","19.451968","11.706965","8.608964","8.608964","100.000000","-1","34.941974","4392.334125","4863.414165","4382.072291","4077.259011","4291.484991","4014.208885","2696.601458","4658.689878"
"09/29/2026 00:52:19.016","9.227918","5.281310","13.045137","3.728545","5.281310","5.281310","100.000000","53.417038","14.597903","3851.057499","4683.100339","3833.778657","3569.941236","3840.065244","3981.752619","2304.114671","4667.356773"
"09/29/2026 00:52:20.024","7.823897","8.534429","20.936540","5.433901","6.984165","11.634956","100.000000","-1","31.788387","3966.631648","4696.772299","3719.005794","3700.966607","3989.244079","3986.249103","2108.981775","4666.684676"
"09/29/2026 00:52:21.035","5.946337","11.873012","8.780837","4.142575","1.050399","8.780837","100.000000","-1","38.156500","3976.698027","4667.009666","3845.745433","3707.277125","3900.472975","3980.659428","2180.496545","4438.817109"
"09/29/2026 00:52:22.039","17.590194","22.193726","33.086604","26.862102","31.530479","29.974353","100.000000","1.964094","67.321365","4694.565567","4997.791773","4422.417009","3951.897626","4358.785639","3745.858962","4144.479525","4341.240689"
"09/29/2026 00:52:23.048","8.532671","8.661681","13.306003","4.017360","5.565467","8.661681","100.000000","0.000000","25.690860","3876.544467","4621.099677","3572.136614","3709.676097","3935.489949","3886.463245","2232.295246","4675.525812"
"09/29/2026 00:52:24.056","11.844367","14.750599","19.400566","7.000654","8.550643","16.300588","84.500109","0.000000","69.000218","4099.650000","4729.705601","3958.832740","3946.212721","4122.244630","4397.507290","4153.850366","4006.324537"
"09/29/2026 00:52:25.066","12.277100","13.372829","18.013571","11.825916","8.732088","14.919743","31.935795","11.825916","100.000000","3969.082845","4701.130271","3829.601593","3786.227043","3937.600988","4829.397323","2187.468710","3673.332534"
"09/29/2026 00:52:26.074","8.179855","5.467863","17.865520","8.567277","5.467863","8.567277","31.812885","0.000000","100.000000","3870.130448","4636.407839","3894.945874","3854.837853","3991.782970","4735.147300","3342.168124","3679.470930"
"09/29/2026 00:52:27.085","9.000432","8.742650","16.476323","11.836119","7.195915","7.195915","19.569793","14.929589","100.000000","3894.181925","4614.349189","4013.407994","3910.611963","3972.826680","4712.751890","2328.460779","3689.974352"
"09/29/2026 00:52:28.088","7.707895","8.161898","12.831632","6.605320","6.605320","6.605320","17.501366","0.379008","100.000000","3859.654877","4646.597927","3729.497554","3782.839443","4015.668751","4587.664815","2105.177914","3717.289795"
"09/29/2026 00:52:29.097","8.960181","13.221614","19.420070","13.221614","11.672000","11.672000","33.366597","0.000000","100.000000","4347.065495","4763.522242","4332.590120","4159.591205","4215.846085","4622.103228","3902.172645","3585.057831"
"09/29/2026 00:52:30.104","9.619860","3.801401","19.317304","11.559353","10.007762","8.456172","25.523665","33.281617","100.000000","3770.240074","4592.976242","3765.786792","3847.983641","3882.262082","4549.732296","2662.127534","3694.162680"
"09/29/2026 00:52:31.111","6.278702","3.822556","13.130050","8.476303","6.925054","13.130050","61.218772","-1","58.116274","3999.317876","4643.011069","3842.178486","3933.401742","4028.995476","4306.385531","3047.048780","3930.576382"
"09/29/2026 00:52:32.120","8.020256","4.021135","7.117228","10.213320","7.117228","7.117228","100.000000","5.569182","21.049644","4048.253382","4638.505814","3660.632665","3737.064763","3938.445826","4038.985181","2514.133065","4547.579492"
"09/29/2026 00:52:33.128","8.470633","6.919288","8.470633","6.919288","10.021978","3.816597","100.000000","13.124668","23.984085","3877.737403","4679.297075","3663.039269","3799.031760","3911.671705","4001.118389","1997.529025","4729.518026"
"09/29/2026 00:52:34.139","11.841931","5.793131","21.236880","8.881880","4.248756","8.881880","100.000000","100.000000","22.781255","3872.428875","4613.670270","3676.899258","3513.457347","3878.702847","4021.059745","2169.440000","4518.085364"
"09/29/2026 00:52:35.142","4.156660","6.494302","14.286444","6.494302","9.611159","6.494302","100.000000","-1","26.753870","3991.378726","4636.547165","3847.965473","3909.605155","3946.216845","3974.701705","2769.033675","4553.590771"
"09/29/2026 00:52:36.143","11.071325","20.374027","18.812733","20.374027","20.374027","17.251440","100.000000","6.322385","51.599899","4492.425524","4905.231807","4218.337432","3947.937338","4277.658784","3880.380814","4055.152606","4509.918043"
"09/29/2026 00:52:37.148","10.682372","12.949321","22.276179","9.840368","12.949321","11.394844","100.000000","20.721703","25.385132","3931.865095","4613.971177","3828.066961","3633.587506","3882.880441","3933.192258","2145.806419","4650.585470"
"09/29/2026 00:52:38.159","7.241477","5.695502","92.270123","7.241477","4.149527","5.695502","24.247206","-1","38.160985","4104.566809","5142.163804","4004.503183","3867.125724","4046.205336","4604.587603","2482.675029","4726.193122"
"09/29/2026 00:52:39.163","9.486975","6.700961","100.000000","6.700961","6.700961","5.145977","26.915753","0.481025","16.030865","3714.626007","5145.063889","3735.247565","3636.378113","3676.009131","4698.401992","2006.183453","4480.486909"
"09/29/2026 00:52:40.174","10.592748","4.151300","100.000000","7.243194","8.789140","7.243194","16.518874","98.454053","19.610768","3758.352467","5155.226697","3778.685057","3570.513731","3651.843685","4699.249168","2247.077047","4445.145020"
"09/29/2026 00:52:41.182","3.657805","19.359457","89.144542","8.503999","5.402440","6.953220","20.910237","-1","24.011796","4731.145820","5145.737746","3742.067998","3495.028228","3639.061831","4693.010656","2046.729566","4518.707866"
"09/29/2026 00:52:42.192","9.710305","100.000000","10.290317","4.103442","4.103442","7.196880","16.477192","30.397660","18.023910","5154.117595","4489.932309","3663.888816","3602.438757","3785.542500","4699.245802","2584.916990","4627.605646"
"09/29/2026 00:52:43.205","6.265547","32.156558","7.486215","69.162072","9.028112","9.028112","25.988972","-1","13.653801","4926.214226","4540.659053","4356.153036","3626.063485","3815.481239","4583.136387","2497.796663","4489.941687"
"09/29/2026 00:52:44.212","8.982024","5.361995","11.567765","100.000000","11.567765","5.361995","22.427864","0.707666","19.324979","3820.042516","4536.161873","4255.634934","3744.348790","3726.039772","4578.699203","2547.039003","4495.871018"
"09/29/2026 00:52:45.221","7.938501","8.648159","5.551487","100.000000","5.551487","8.648159","16.389841","7.099823","10.196496","3535.763976","4486.615135","4257.559482","3553.115435","3742.182135","4488.964858","2209.154303","4349.311249"
"09/29/2026 00:52:46.230","6.552410","2.354696","13.204175","82.950820","22.503727","3.904622","19.403876","0.000000","16.304025","3491.906534","4576.303324","4257.313804","3886.403272","3699.913679","4569.238609","2334.708089","4398.231695"
"09/29/2026 00:52:47.237","7.394309","6.941942","8.492910","3.840007","100.000000","3.840007","17.798716","0.738072","19.349683","3674.797240","4408.945976","3511.530400","3831.861245","3605.573905","4446.036931","2091.607823","4448.715633"
"09/29/2026 00:52:48.246","9.559369","2.463455","8.656251","62.843221","41.168433","4.011654","14.849048","41.168433","13.300849","3644.230581","4466.230096","4269.846596","3784.233544","3629.200352","4641.214614","2165.030612","4499.437401"
"09/29/2026 00:52:49.251","7.652669","8.235918","17.567858","61.116914","9.791241","33.121093","58.006267","-1","23.789152","3688.022284","4638.088351","4244.388222","3714.168814","4083.278207","4277.546305","2245.797574","4602.885373"
"09/29/2026 00:52:50.259","12.508630","11.669223","28.715514","8.569898","14.768549","25.616188","98.450337","13.218886","31.814839","3897.202777","4789.936788","4066.900870","3969.661843","4341.300773","3903.075592","4307.833590","4617.119512"
"09/29/2026 00:52:51.271","10.653099","5.760902","15.030322","10.395612","7.305805","11.940515","96.910194","-1","36.658967","3736.995101","4657.697039","3959.405686","3756.682160","4336.353972","3899.883748","2218.879886","4691.697406"
"09/29/2026 00:52:52.277","16.326506","25.508612","39.475747","30.164324","27.060516","33.268132","98.448096","9.989573","72.065730","4782.540782","5012.945354","4527.368236","4003.615889","4200.110105","3641.347259","3937.841783","4187.749653"
"09/29/2026 00:52:53.287","10.617357","8.682663","19.516923","8.682663","5.587160","10.230414","100.000000","42.733195","21.064675","3690.634880","4592.151528","3632.943916","3619.860194","4148.097737","3848.900724","2218.315242","4597.526529"
"09/29/2026 00:52:54.292","6.625256","6.754764","14.525201","3.646590","3.646590","8.308852","100.000000","-1","45.606946","3959.483524","4742.333912","3942.303105","3873.299320","4273.519029","3872.559681","2552.691339","4709.894929"
"09/29/2026 00:52:55.297","9.947933","11.373216","17.592639","8.263504","11.373216","8.263504","100.000000","26.921774","31.586342","3743.763504","4702.385813","3810.839745","3832.378014","4084.900416","3908.668599","2053.756831","4659.898527"
"09/29/2026 00:52:56.302","9.583822","11.397330","14.506196","17.615061","9.842897","22.278360","65.802478","6.734032","65.802478","4321.812244","4746.733341","4165.055365","4095.474218","4304.578080","4227.329154","4292.681766","3917.606034"
"09/29/2026 00:52:57.307","15.580562","17.589006","42.467797","20.698855","22.253780","26.918553","59.571965","6.704536","100.000000","4695.567104","4932.260945","4520.823519","3925.119179","4155.927696","4342.072940","4565.325757","3286.223781"
"09/29/2026 00:52:58.314","9.503653","3.815308","11.572138","5.366674","8.469406","6.918040","37.945360","2.263942","98.448634","3891.132219","4400.848169","3987.540284","4095.778328","3972.263818","4741.360998","4394.288469","3573.175464"
"09/29/2026 00:52:59.319","10.018024","6.714153","12.933210","8.268917","12.933210","14.487974","45.583256","3.604625","100.000000","3797.592946","4391.355026","4025.410812","3952.281392","3982.380907","4767.023703","3999.502811","3586.138224"
"09/29/2026 00:53:00.322","15.571954","17.390397","18.949069","15.831726","15.831726","12.714382","39.211802","12.714382","100.000000","4466.600444","4610.104239","4250.814309","4129.293395","4070.229754","4332.070288","4711.440561","3560.696706"
"09/29/2026 00:53:01.329","7.262759","8.490639","17.796676","14.694664","11.592651","13.143658","27.102713","0.000000","100.000000","4255.113494","4560.786278","4173.489599","4028.934178","4141.925117","4633.291921","4259.101414","3588.003369"
"09/29/2026 00:53:02.335","17.089892","19.225752","39.419314","19.225752","23.885805","16.119050","81.359789","6.798945","100.000000","4719.612690","4952.303139","4530.788306","4064.652821","4370.352527","4347.614875","4482.132273","3280.507237"
"09/29/2026 00:53:03.341","8.327015","5.219456","12.988353","8.327015","8.327015","9.880794","22.311029","0.000000","100.000000","3668.793511","4326.477572","3730.414342","3626.734094","3873.502277","4580.137602","4183.274463","3614.826279"
"09/29/2026 00:53:04.343","9.510776","12.693820","12.693820","18.929975","25.166131","23.607092","96.881922","0.221508","40.756521","4160.979878","4565.430711","4342.270544","4147.420332","4146.003231","3952.348292","2853.720637","4873.539931"
"09/29/2026 00:53:05.352","10.018453","10.211959","14.856168","10.211959","11.760029","11.760029","100.000000","19.500377","33.433004","3863.553674","4409.027231","4018.616896","3934.002166","4070.358062","3878.526361","2125.843006","4707.282611"
"09/29/2026 00:53:06.356","10.196795","8.186758","20.636011","12.855228","8.186758","5.074445","100.000000","0.000000","37.753734","3755.423037","4419.455855","3948.551232","3862.263907","3994.670906","3871.327389","2327.038523","4693.262970"
"09/29/2026 00:53:07.366","11.351946","19.481239","22.578115","11.739051","16.384364","17.932801","100.000000","0.000000","39.610929","4477.287385","4809.008038","4326.598967","4031.285353","4368.670729","3791.925413","4247.172913","4422.985274"
"09/29/2026 00:53:08.372","8.746245","3.766416","13.079344","8.422880","14.631498","11.527189","100.000000","16.183653","22.392271","3740.234905","4395.575845","3815.633563","3834.050190","3937.945125","3838.960089","2258.909281","4725.737317"
"09/29/2026 00:53:09.381","9.937535","8.647245","16.389004","8.647245","10.195597","14.840652","100.000000","-1","42.710984","3879.839829","4486.204305","4161.492157","3895.155362","4098.036121","3878.410482","2119.211484","4827.833205"
"09/29/2026 00:53:10.388","8.518928","10.005904","25.522127","6.902659","10.005904","3.799414","84.483776","3.799414","28.625372","4418.359736","4689.213830","4014.825760","3984.237604","4089.213323","3996.895028","2222.751264","4749.742287"
"09/29/2026 00:53:11.395","10.928061","36.349459","45.664172","11.510224","16.167580","13.062676","42.559268","20.824937","41.006816","4875.270496","4988.023941","4345.502538","4113.199192","4328.507516","4530.657286","4629.650998","4555.675988"
"09/29/2026 00:53:12.399","9.305809","57.991540","61.103278","5.091998","12.871342","11.315473","25.318293","-1","23.762425","5053.046783","5037.861606","3894.556976","3799.029913","3897.914654","4790.532658","2219.399597","4509.446990"
"09/29/2026 00:53:13.458","14.356023","66.086460","63.137457","14.478899","21.851408","21.851408","36.596425","2.682885","45.443436","5096.244089","5046.338052","4430.773435","4190.953776","4385.325181","4801.691110","4402.892742","4583.287609"
"09/29/2026 00:53:14.467","15.670572","61.257536","53.509043","11.667182","13.216881","7.018086","87.602412","25.614469","38.012058","5069.421619","5048.248263","4219.039603","4137.287173","4102.313072","4949.589034","2840.615741","4713.296006"
"09/29/2026 00:53:15.480","11.033322","35.203463","73.772830","5.890743","8.976293","2.805194","95.371676","0.000000","44.460111","5063.167136","5097.537048","3885.885385","3584.416219","3605.132230","4998.735246","2285.622222","4582.599843"
"09/29/2026 00:53:16.489","10.579207","45.805577","45.805577","25.676220","16.385748","7.095275","48.902401","2.450039","31.869868","5044.583680","5017.912167","4319.870076","4212.618754","4412.225560","4958.413485","2584.779762","4829.781357"
"09/29/2026 00:53:17.494","11.095792","11.354991","8.244640","53.344732","72.006839","8.244640","19.130869","40.903328","16.020518","3662.534247","4116.333218","4317.020042","3812.956809","3802.629865","4642.946828","2195.465517","4367.470258"
"09/29/2026 00:53:18.502","8.387123","8.580805","11.679761","56.614619","53.515664","10.130283","19.427150","-1","20.976628","3487.900353","4077.933221","4213.865501","3832.714282","3762.418684","4713.758567","2379.910104","4440.758620"
"09/29/2026 00:53:19.507","7.594877","3.577261","8.242878","59.564658","45.567809","6.687672","19.129316","0.466850","16.018905","3645.605471","4023.361246","4196.304571","3787.550678","3717.162724","4687.199455","1980.441980","4453.469981"
"09/29/2026 00:53:20.512","8.713521","2.109824","11.432698","45.616569","58.047067","8.325073","17.647947","11.432698","12.986510","3476.351635","4038.551898","4241.961998","3740.846187","3683.326295","4680.159917","2476.601512","4442.018008"
"09/29/2026 00:53:21.522","7.438966","4.020337","7.116455","59.750464","47.365991","5.568396","22.597046","-1","19.500928","3536.444461","4204.405914","4229.534286","3696.967703","3597.328666","4663.221071","2221.736626","4472.029911"
"09/29/2026 00:53:22.528","4.624908","6.888040","11.543638","87.585072","16.199236","8.439906","20.854834","-1","19.302968","3538.259088","4037.349974","4163.495617","3876.986028","3626.765420","4625.982588","2300.177419","4405.384542"
"09/29/2026 00:53:23.535","11.352509","9.994678","13.098309","23.961021","23.961021","37.927364","64.308234","45.686443","23.961021","3874.185970","4479.421629","4216.367238","3840.406523","3978.370427","4200.777834","2231.452496","4575.920246"
"09/29/2026 00:53:24.546","7.020022","8.822951","18.095194","8.822951","7.277578","13.459073","100.000000","-1","18.095194","3485.417026","4317.703399","3822.123777","3610.761361","4318.172721","3909.314111","2499.337310","4492.310110"
"09/29/2026 00:53:25.558","11.143257","7.347066","10.435497","7.347066","8.891282","15.068144","100.000000","44.408240","35.142946","3714.755354","4496.115119","4007.639229","3718.062494","4285.964516","3887.662851","3872.706909","4673.694102"
"09/29/2026 00:53:26.566","6.303213","10.051083","14.703613","5.398553","3.847709","14.703613","100.000000","-1","17.805300","3535.298696","4327.920287","3818.560852","3758.159495","4287.570831","3909.747046","2114.804185","4649.691530"
"09/29/2026 00:53:27.575","6.402250","5.563680","16.400635","8.659953","8.659953","10.208089","100.000000","-1","17.948771","3706.718091","4476.727309","3865.793389","3853.278869","4184.292223","3900.044408","2261.827500","4694.245076"
"09/29/2026 00:53:28.584","15.576520","3.958610","11.703884","7.056720","8.605774","16.351048","100.000000","98.450945","22.547266","3670.259268","4405.865283","3653.208867","3851.656685","4209.488353","3903.331416","2045.476027","4697.150151"
"09/29/2026 00:53:29.597","2.997272","8.975565","18.232287","7.432778","5.889991","10.518352","93.828852","-1","30.574583","4160.883957","4665.979906","4400.813468","4005.228225","4288.864256","3896.465883","3979.268491","4635.518805"
"09/29/2026 00:53:30.601","10.822462","8.230099","20.673475","5.119255","11.340943","8.230099","23.784319","36.227696","100.000000","3936.017203","4353.852340","3806.780962","3894.399327","3959.992624","4583.225584","4312.574610","3664.093519"
"09/29/2026 00:53:31.615","9.120613","7.514964","16.763468","5.973547","5.973547","12.139216","26.011971","5.973547","100.000000","3709.715721","4287.179648","3827.104201","3900.333364","4067.470426","4557.197474","4600.525403","3606.991871"
"09/29/2026 00:53:32.621","12.107012","22.333149","25.439823","16.119801","17.673138","22.333149","56.506563","5.246442","98.446663","4634.845406","4881.976310","4470.360851","4208.379217","4455.427787","4393.362604","4428.731935","3423.176129"
"09/29/2026 00:53:33.626","11.969225","14.558369","16.111853","11.451401","13.004885","14.558369","36.307148","16.111853","100.000000","4291.965843","4569.842563","4039.620206","3673.540424","3855.654527","4437.128478","4671.133314","3470.360997"
"09/29/2026 00:53:34.632","8.816948","11.407369","19.178652","9.853112","11.407369","8.298855","51.818043","0.000000","100.000000","3847.696700","4413.812545","4060.821881","3955.817660","3952.484984","4837.956295","4173.250680","3589.376036"
"09/29/2026 00:53:35.646","8.326613","9.096978","16.800624","6.015520","7.556249","6.015520","33.748645","52.237395","53.778124","3490.733009","4352.973154","3807.853396","3738.645271","3811.487692","4611.500460","3903.850114","3614.558138"
"09/29/2026 00:53:36.648","8.874035","6.470860","14.264955","4.912041","1.794403","4.912041","22.059050","4.912041","100.000000","3660.094783","4269.512252","3860.962631","3645.352626","3938.423093","4529.437506","3999.355749","3717.404434"
"09/29/2026 00:53:37.651","10.574239","9.600105","17.393199","32.979388","23.627675","26.744912","95.324143","11.158724","29.862150","3894.207477","4452.123969","4275.817025","3875.913833","4011.337315","3935.611074","2912.207102","4590.887478"
"09/29/2026 00:53:38.660","10.605695","7.122795","10.218702","8.670748","10.218702","13.314609","100.000000","44.273677","19.506422","3580.032063","4329.202745","3944.927873","3939.230706","4002.300436","3876.009747","2023.280822","4626.877005"
"09/29/2026 00:53:39.667","9.516309","9.969051","22.387113","13.073567","14.625824","16.178082","100.000000","-1","50.327752","3898.688158","4531.694298","4100.770610","3943.243732","4028.289243","3867.635956","2584.258362","4490.095047"
"09/29/2026 00:53:40.674","16.456424","17.749665","37.924275","23.957237","17.749665","19.301558","100.000000","8.438306","79.825389","4776.580397","4958.825107","4614.438912","3939.890503","4358.093107","3600.469855","3993.542019","4229.158966"
"09/29/2026 00:53:41.681","6.707272","5.415132","17.819705","6.965704","8.516275","6.965704","100.000000","11.617418","22.471420","3703.493258","4355.533801","4087.138690","3776.122569","4068.316649","3847.754656","2799.973607","4612.428871"
"09/29/2026 00:53:42.686","8.457030","8.262673","11.372413","8.262673","8.262673","9.817543","100.000000","-1","44.024682","4151.116457","4529.161853","4131.739189","3940.236500","4096.762235","3866.262491","2805.843305","4703.014240"
"09/29/2026 00:53:43.696","13.773929","14.870296","25.704985","19.513734","19.513734","19.513734","70.591557","62.852493","44.278739","4480.614803","4753.797165","4431.700636","4150.207678","4189.002838","4029.702009","2558.886242","4673.311477"
"09/29/2026 00:53:44.700","13.579479","51.765288","59.545081","22.202078","20.646120","22.202078","50.209330","-1","51.765288","5039.730333","5030.408168","4457.659489","4079.535666","4218.563647","4500.505996","4318.282070","4398.910908"
"09/29/2026 00:53:45.701","10.162826","67.237384","54.756388","7.952651","4.832402","9.512776","20.433648","6.392527","14.193150","5090.042991","5008.177842","3814.665447","3631.063251","3753.264780","4767.055214","2473.837722","4439.347096"
"09/29/2026 00:53:46.711","9.706512","76.781676","41.180247","7.126705","8.674594","4.030929","47.371800","0.000000","30.345029","5109.538135","4937.693058","3967.484196","3809.381039","3850.600097","4856.329131","2400.250684","4657.069297"
"09/29/2026 00:53:47.726","8.343608","33.807277","76.909515","7.638061","7.638061","6.098696","32.267912","0.000000","21.492352","4949.934905","5120.589134","3872.419172","3718.321567","3918.215734","4811.497244","2291.731087","4595.096860"
"09/29/2026 00:53:48.733","8.439996","44.172303","61.230766","8.504608","5.403069","3.852300","17.809224","19.359993","14.707685","5032.038007","5077.963761","3721.434368","3655.527349","3580.995950","4654.429906","2156.807609","4331.149989"
"09/29/2026 00:53:49.742","8.758880","56.607197","13.214393","38.010281","47.308739","5.465678","17.863622","-1","17.863622","5051.204616","4433.197802","4418.451862","3951.997058","3972.344220","4679.057371","2132.653696","4544.141767"
"09/29/2026 00:53:50.750","9.256304","7.061935","3.963999","39.590258","82.961355","11.708838","21.002645","0.000000","16.355741","3582.551542","4074.438675","4203.634255","3750.821167","3692.258145","4615.362336","2455.546341","4390.208037"
"09/29/2026 00:53:51.755","10.657111","8.259953","8.259953","28.473862","82.895923","9.814869","22.254197","9.814869","20.699281","3687.819366","4024.510781","4178.190138","3675.601075","3729.260073","4702.812837","2152.668279","4411.023664"
"09/29/2026 00:53:52.758","7.981504","4.929369","9.604974","96.882930","11.163509","6.487904","25.190323","12.722044","15.839114","3448.517238","4000.583200","4213.945690","3980.256098","3721.633111","4552.002549","2031.861953","4335.724674"
"09/29/2026 00:53:53.765","9.732382","3.852386","5.403154","58.129265","50.375425","2.301618","24.012369","36.418513","19.360065","3717.549758","4063.532632","4191.365092","3823.108425","3731.744825","4677.553473","2127.643678","4385.368543"
"09/29/2026 00:53:54.774","5.840400","3.968826","14.811055","53.533303","58.179973","7.066606","17.908835","-1","22.555505","3473.756776","4098.318646","4231.318993","3830.103193","3628.470982","4658.304511","2189.909091","4445.258837"
"09/29/2026 00:53:55.786","9.406635","10.436108","16.612928","50.585439","55.218054","8.891903","38.231799","-1","28.966569","4152.774316","4457.614825","4241.425171","3855.238575","4094.059096","4569.095684","3448.247103","4366.773304"
"09/29/2026 00:53:56.794","19.713055","24.040670","39.542574","22.490480","30.241432","56.594669","96.899619","31.791622","68.996192","4796.178196","4953.626439","4414.408552","3890.311046","3760.852105","3773.123969","4268.238813","4355.508501"
"09/29/2026 00:53:57.803","8.625405","11.722849","11.722849","8.625405","0.881795","16.369015","100.000000","-1","19.466459","3855.073861","4380.236386","3747.872542","3773.801947","4340.497576","3870.886523","2460.370216","4636.816201"
"09/29/2026 00:53:58.805","10.117930","23.626212","11.157022","14.274320","11.157022","17.391617","98.441351","0.000000","48.564592","4110.269235","4485.216417","3922.547683","4032.112153","4393.928588","3898.393995","2242.183901","4826.275777"
"09/29/2026 00:53:59.808","12.489493","12.749171","17.423322","14.307221","15.865272","20.539424","95.325848","15.865272","54.816535","4200.528343","4588.274773","4338.617360","4274.709505","4327.765043","3855.824691","3280.363958","4733.589995"
"09/29/2026 00:54:00.814","7.772849","8.355339","14.568536","3.695441","3.695441","16.121836","98.446701","-1","30.101530","3679.967012","4387.766683","3655.454186","3763.986462","4253.073812","3920.684082","2300.956164","4575.328043"
"09/29/2026 00:54:01.817","9.019283","8.110772","9.668217","8.110772","4.995883","8.110772","100.000000","42.374552","15.897995","3714.472215","4303.562121","3534.128845","3812.214222","4127.992557","3924.333130","2507.383860","4521.980857"
"09/29/2026 00:54:02.820","5.507168","1.805384","12.715897","3.364029","11.157253","12.715897","93.765421","-1","20.509121","3655.047283","4207.223934","3658.829841","3837.109038","4322.934145","3943.897705","2228.037517","4428.855604"
"09/29/2026 00:54:03.827","7.178494","11.573938","17.779275","3.817266","10.022603","6.919934","98.448666","0.000000","33.292620","3773.841434","4265.625168","3646.417466","3827.959481","4188.061252","3927.146944","2716.255580","4531.294185"
"09/29/2026 00:54:04.834","9.096420","6.898184","19.311760","8.449881","2.243093","14.656669","84.483031","10.001578","31.725335","3800.795804","4254.286449","3641.632726","3773.759333","4249.961546","3986.838520","4426.992590","4321.857992"
"09/29/2026 00:54:05.843","9.313877","0.928959","13.312839","5.572914","5.572914","8.668884","19.504780","30.340675","100.000000","3690.617897","4351.861546","3572.869706","3697.057848","3892.189842","4533.420607","4370.780806","3701.426169"
"09/29/2026 00:54:06.852","7.898891","8.608855","16.353867","3.961848","8.608855","7.059853","22.549877","5.510850","98.450998","3797.240303","4374.168331","3673.093206","3695.295361","3798.563515","4638.108626","4284.330863","3646.916157"
"09/29/2026 00:54:07.856","10.093447","6.590589","11.261060","11.261060","9.704236","9.704236","23.715648","28.386119","76.647647","3713.728391","4293.314794","3610.183050","3713.007365","3856.151492","4597.284018","4012.284464","3659.845493"
"09/29/2026 00:54:08.865","9.024512","8.702134","13.344398","5.607291","7.154712","11.796977","24.176348","31.913456","72.146414","3814.415282","4390.627116","3822.911795","3877.486468","4114.084990","4558.392826","3881.367633","3710.292453"
"09/29/2026 00:54:09.866","7.357770","6.316843","14.123773","6.316843","6.316843","4.755457","21.930702","3.194071","100.000000","3558.514660","4260.347570","3550.592413","3610.884302","3858.674619","4397.507206","3865.865179","3669.875591"
"09/29/2026 00:54:10.879","7.865018","4.328783","15.130372","5.871867","7.414951","5.871867","13.587288","5.871867","100.000000","3563.881739","4285.475513","3619.856105","3600.102705","3903.589846","4370.268805","3034.345112","3665.188111"
"09/29/2026 00:54:11.893","7.676532","4.466406","12.170728","4.466406","9.089000","1.384677","19.875050","0.000000","100.000000","3611.124870","4336.326085","3653.961254","3819.904506","3954.006375","4485.402732","3301.011769","3667.919409"
"09/29/2026 00:54:12.907","5.851070","6.043601","15.285214","6.043601","6.043601","7.583870","19.906020","1.422794","100.000000","3607.669500","4329.948338","3479.794572","3621.560485","3832.232980","4538.912075","2902.369972","3680.749928"
"09/29/2026 00:54:13.909","8.792506","7.947385","12.628026","4.826957","7.947385","9.507599","29.790378","3.266743","98.439786","3791.616933","4397.750903","3794.129008","3902.764919","3880.936283","4728.223100","3988.233991","3678.342333"
"09/29/2026 00:54:14.911","12.446836","1.794971","11.147831","23.618311","51.676890","47.000461","96.882380","4.912591","12.706641","3950.919812","4685.684947","4250.401340","3844.065225","3778.955170","4750.519864","2748.799005","4411.563351"
"09/29/2026 00:54:15.912","10.802616","3.261150","4.821454","23.545103","64.113007","3.261150","100.000000","0.140542","23.545103","3514.564749","3847.846085","4288.467162","3681.201233","4070.479534","4704.379408","2101.300421","4715.143411"
"09/29/2026 00:54:16.927","10.361015","10.681841","13.761777","9.141873","10.681841","9.141873","98.460032","2.981999","69.200635","4394.547989","4558.221149","4336.974799","4480.663040","4510.094270","3878.470777","2415.806752","4886.654415"
"09/29/2026 00:54:17.940","6.131375","7.480619","13.648578","10.564598","4.396639","10.564598","100.000000","1.312660","19.816536","3601.828474","4226.418199","3814.130734","4051.437988","3947.178967","3893.137496","2421.148559","4488.189443"
"09/29/2026 00:54:18.943","9.826062","6.515132","17.421700","4.957051","12.747457","4.957051","98.441919","1.840889","18.979781","3556.045597","4242.816308","3855.336286","4021.984267","4061.029482","3911.851446","2445.969938","4504.959116"
"09/29/2026 00:54:19.958","6.621594","7.647733","7.647733","6.108529","9.186938","6.108529","98.460796","0.000000","21.500573","3569.478840","4251.290941","3786.922728","4087.064619","4022.892589","3898.522267","2368.898951","4498.586477"
"09/29/2026 00:54:20.972","6.870727","4.561737","10.719044","7.640391","7.640391","9.179718","100.000000","3.022410","24.572986","3714.129367","4346.024614","3884.759189","4088.837916","4130.398196","3903.155732","2410.495819","4615.097771"
"09/29/2026 00:54:21.974","7.125401","4.717304","12.527361","6.279316","9.403339","4.717304","98.437989","0.031270","18.775407","3526.512004","4340.317373","3637.211044","3871.562743","3892.862176","3925.052785","2319.172337","4527.168977"
"09/29/2026 00:54:22.987","8.769453","36.825574","39.907254","7.549621","9.090461","4.467942","66.101528","0.000000","24.498857","4885.624063","4956.238181","3939.755202","4109.359434","3933.956395","4030.286443","2505.993286","4585.949131"
"09/29/2026 00:54:23.999","7.393492","50.541169","70.633819","5.719103","2.627926","5.719103","18.083811","0.000000","10.355868","4998.297346","5100.295475","3579.566019","3474.328798","3567.237723","4630.283580","2336.465550","4377.679611"
"09/29/2026 00:54:25.000","8.378219","59.452486","59.452486","3.309775","6.428815","4.869295","15.785933","0.190736","15.785933","5061.772825","5043.578442","3576.247130","3702.278805","3526.934529","4578.707711","2462.955502","4413.587230"
"09/29/2026 00:54:26.005","7.884138","51.770442","62.660987","5.096676","5.096676","3.540883","15.987221","0.429299","11.319844","5045.964206","5051.689507","3565.603449","3527.847306","3603.372304","4455.509393","2395.356170","4293.680703"
"09/29/2026 00:54:27.007","8.672212","40.802462","67.285571","9.645864","4.972374","6.530204","20.550673","0.298884","18.992843","4958.133686","5103.597569","3594.923244","3584.172010","3622.232219","4573.662768","2411.080177","4543.261222"
"09/29/2026 00:54:28.022","6.896277","73.802538","33.735832","5.997342","9.079397","5.997342","24.489669","1.374261","19.866587","5106.318370","4953.786156","3588.506224","3471.094660","3531.316500","4495.470054","2352.279164","4213.498591"
"09/29/2026 00:54:29.035","8.004463","29.076069","76.872631","9.032349","1.323226","7.490524","24.450595","1.323226","12.115998","4899.965410","5110.836339","3526.461112","3490.055589","3676.195475","4686.082203","2383.033414","4381.169204"
"09/29/2026 00:54:30.037","9.694454","14.180468","37.585795","50.068636","50.068636","6.378692","21.982243","1.697626","15.740823","4547.906496","4893.778183","4400.727587","3990.801183","3773.858753","4644.148950","2517.972669","4562.381644"
"09/29/2026 00:54:31.050","8.709641","7.489009","12.114559","86.123351","35.242306","9.030859","21.365658","5.947159","13.656408","3737.596293","4134.326526","4177.546999","4095.034617","3685.928187","4619.628142","2457.506916","4445.898065"
"09/29/2026 00:54:32.065","12.884522","12.243025","18.401410","61.510099","47.653734","13.782621","47.653734","0.000000","41.495350","4342.631344","4622.545518","4130.009176","3591.108022","4213.303494","4570.250184","2680.986425","4616.998100"
"09/29/2026 00:54:33.068","13.088072","17.436915","22.110297","76.633089","45.477208","15.879121","48.592796","1.858974","37.688238","4587.077167","4700.757280","3909.814892","3374.311142","3879.737545","4397.390126","3265.748390","4344.330279"
"09/29/2026 00:54:34.070","10.761864","4.847318","9.526959","73.482040","39.164679","7.967078","23.565879","0.167678","18.886239","3704.266299","4045.401798","4180.790732","3904.719540","3777.948964","4439.305568","2369.203938","4424.635378"
"09/29/2026 00:54:35.077","8.301226","2.291367","16.249743","28.657189","73.634178","5.393229","34.860912","0.740437","24.004397","3912.763758","4162.545146","4232.037336","3689.987914","3895.260074","4447.307789","2546.256490","4596.099443"
"09/29/2026 00:54:36.088","6.586924","0.000000","10.385254","73.733609","32.016400","5.750008","19.655745","0.000000","24.290990","3524.293280","4141.581766","4210.039390","3838.313141","3815.433336","4350.000829","2389.967815","4615.335728"
"09/29/2026 00:54:37.103","9.102033","6.020746","18.345894","39.914903","70.727773","4.480103","19.886538","6.020746","19.886538","3682.171482","4152.936343","4233.664299","3711.719453","3785.699316","4464.867242","2399.326894","4546.708822"
