"(PDH-CSV 4.0) (Pacific Daylight Time)(420)","\\OUMUAMUA\Processor(_Total)\% Processor Time"
"09/29/2026 01:40:22.191"," "
"09/29/2026 01:40:23.192","7.8372256237265176537"
"09/29/2026 01:40:24.194","7.222573688496803257"
"09/29/2026 01:40:25.195","5.4472846224930870918"
"09/29/2026 01:40:26.208","4.23524909377249692"
"09/29/2026 01:40:27.221","2.0515111332668367616"
"09/29/2026 01:40:28.236","2.6638404957881944846"
"09/29/2026 01:40:29.251","3.9074494505860424276"
"09/29/2026 01:40:30.267","4.2915460840140422505"
"09/29/2026 01:40:31.271","7.754091576760579585"
"09/29/2026 01:40:32.275","3.4149366927175739406"
"09/29/2026 01:40:33.289","5.3471300001606607566"
"09/29/2026 01:40:34.302","3.5458831237551668991"
"09/29/2026 01:40:35.315","5.465735211708055985"
"09/29/2026 01:40:36.326","0"
"09/29/2026 01:40:37.340","2.8660741658453781078"
"09/29/2026 01:40:38.356","6.890274796624962228"
"09/29/2026 01:40:39.363","9.5264338334009153186"
"09/29/2026 01:40:40.365","10.542125722886218853"
"09/29/2026 01:40:41.368","8.0280035375028813149"
"09/29/2026 01:40:42.382","6.8337153204771734494"
"09/29/2026 01:40:43.397","4.9576879916404354987"
"09/29/2026 01:40:44.410","3.2122702908778499875"
"09/29/2026 01:40:45.423","4.7571491338949449812"
"09/29/2026 01:40:46.425","0"
"09/29/2026 01:40:47.437","1.4254138885001488291"
"09/29/2026 01:40:48.440","5.3096371859496667156"
"09/29/2026 01:40:49.454","2.979962305424688207"
"09/29/2026 01:40:50.469","5.2397543693608605864"
"09/29/2026 01:40:51.470","3.084630547482480889"
"09/29/2026 01:40:52.485","6.3617268312654573492"
"09/29/2026 01:40:53.489","6.4393639113421219378"
"09/29/2026 01:40:54.493","7.7997534902953695735"
"09/29/2026 01:40:55.509","4.0625247487887090614"
"09/29/2026 01:40:56.509","4.9013166939030350377"
"09/29/2026 01:40:57.512","5.8721097247896310023"
"09/29/2026 01:40:58.529","1.5849768647042461467"
"09/29/2026 01:40:59.539","5.7145006642235873784"
"09/29/2026 01:41:00.554","2.3983813399915399067"
"09/29/2026 01:41:01.566","5.4729477729876023773"
"09/29/2026 01:41:02.570","2.4075808127496434174"
"09/29/2026 01:41:03.582","2.2504410460248536197"
"09/29/2026 01:41:04.593","4.2775075146337604437"
"09/29/2026 01:41:05.606","3.041963694663363249"
"09/29/2026 01:41:06.613","2.2159128273053774194"
"09/29/2026 01:41:07.618","3.4773594624102788231"
"09/29/2026 01:41:08.631","2.155977262803498995"
"09/29/2026 01:41:09.643","2.7602986413360230955"
"09/29/2026 01:41:10.646","2.9047647834941181522"
"09/29/2026 01:41:11.660","1.7383844651296831429"
"09/29/2026 01:41:12.673","2.6853907602583104719"
"09/29/2026 01:41:13.685","4.4474290168035839343"
"09/29/2026 01:41:14.697","6.8865834890894923603"
"09/29/2026 01:41:15.709","6.9303731390804585999"
"09/29/2026 01:41:16.723","0"
"09/29/2026 01:41:17.739","2.1072697964064190934"
"09/29/2026 01:41:18.750","4.6786181085178295547"
"09/29/2026 01:41:19.750","0.46949506883198210971"
"09/29/2026 01:41:20.753","3.0119017443487217101"
"09/29/2026 01:41:21.765","3.251957843639663448"
"09/29/2026 01:41:22.775","5.9579684399704957443"
"09/29/2026 01:41:23.788","5.7998558415508600916"
"09/29/2026 01:41:24.801","4.6863755177615988856"
"09/29/2026 01:41:25.818","5.3916670470985135211"
"09/29/2026 01:41:26.820","6.1024525810035594731"
"09/29/2026 01:41:27.833","2.0011398116248968471"
"09/29/2026 01:41:28.848","3.4411878539822748913"
"09/29/2026 01:41:29.862","1.9132402246046731342"
"09/29/2026 01:41:30.872","4.0094192259587435601"
"09/29/2026 01:41:31.887","5.3083119483062102262"
"09/29/2026 01:41:32.889","3.7692365539856220735"
"09/29/2026 01:41:33.901","6.9710197989128914742"
"09/29/2026 01:41:34.917","1.2045157844970733052"
"09/29/2026 01:41:35.932","4.5726613554395783012"
"09/29/2026 01:41:36.937","12.599687015810012269"
"09/29/2026 01:41:37.940","1.801696722028112152"
"09/29/2026 01:41:38.948","8.2098731440540024806"
"09/29/2026 01:41:39.955","11.686820712080036699"
"09/29/2026 01:41:40.962","5.02787367115626882"
"09/29/2026 01:41:41.965","11.40425962934760129"
"09/29/2026 01:41:42.967","7.2233909814865331356"
"09/29/2026 01:41:43.982","11.851999298388072646"
"09/29/2026 01:41:44.995","10.225888928886972096"
"09/29/2026 01:41:46.003","3.1714066748616431823"
"09/29/2026 01:41:47.010","10.138971859270927922"
"09/29/2026 01:41:48.018","12.028259776680583215"
"09/29/2026 01:41:49.034","6.8972808810731649487"
"09/29/2026 01:41:50.039","11.949109249774537034"
"09/29/2026 01:41:51.043","3.8426223940246417854"
"09/29/2026 01:41:52.046","14.754252079952777876"
"09/29/2026 01:41:53.062","4.6087388293752029611"
"09/29/2026 01:41:54.071","12.762034776122554547"
"09/29/2026 01:41:55.074","6.4279160592026425292"
"09/29/2026 01:41:56.080","9.5729261596323560468"
"09/29/2026 01:41:57.091","7.500981983934051911"
"09/29/2026 01:41:58.098","14.862828793462146137"
"09/29/2026 01:41:59.105","3.8985602040318978467"
"09/29/2026 01:42:00.113","10.387293857336143077"
"09/29/2026 01:42:01.114","8.0457016528085016915"
"09/29/2026 01:42:02.128","18.305594146828262581"
"09/29/2026 01:42:03.134","0"
"09/29/2026 01:42:04.145","13.725334602711679821"
"09/29/2026 01:42:05.152","15.028143053145059937"
"09/29/2026 01:42:06.156","0"
"09/29/2026 01:42:07.163","7.0620000983474202627"
"09/29/2026 01:42:08.172","9.6486465562370398175"
"09/29/2026 01:42:09.182","13.494944194349356437"
"09/29/2026 01:42:10.186","3.5853710542887329282"
"09/29/2026 01:42:11.194","9.5275025152802719219"
"09/29/2026 01:42:12.198","12.512599429230675696"
"09/29/2026 01:42:13.205","2.6363985459242678111"
"09/29/2026 01:42:14.211","11.212124615852413712"
"09/29/2026 01:42:15.219","14.363173601987544004"
"09/29/2026 01:42:16.227","4.2925638253783482412"
"09/29/2026 01:42:17.237","13.215057978302924724"
"09/29/2026 01:42:18.240","4.7264110052637642312"
"09/29/2026 01:42:19.248","15.566167386893036806"
"09/29/2026 01:42:20.251","5.8537855586284548437"
"09/29/2026 01:42:21.254","9.5382659575804158436"
"09/29/2026 01:42:22.258","9.9294393394656843554"
"09/29/2026 01:42:23.266","7.1449456921876430826"
"09/29/2026 01:42:24.273","12.744026324528546112"
"09/29/2026 01:42:25.280","15.198835333267613379"
"09/29/2026 01:42:26.286","5.5852113849228164355"
"09/29/2026 01:42:27.295","8.6688655495384630001"
"09/29/2026 01:42:28.301","7.8702814841668411461"
"09/29/2026 01:42:29.309","13.385205817833057296"
"09/29/2026 01:42:30.322","8.1144629284743317044"
"09/29/2026 01:42:31.330","7.5563086176256843984"
"09/29/2026 01:42:32.333","8.7435694826854319928"
"09/29/2026 01:42:33.341","10.876541565111608634"
"09/29/2026 01:42:34.353","8.1865661700547214252"
"09/29/2026 01:42:35.359","8.647000519336389246"
"09/29/2026 01:42:36.368","9.4463318642092790611"
"09/29/2026 01:42:37.376","8.2349541884135568637"
"09/29/2026 01:42:38.387","7.3821407396920886157"
"09/29/2026 01:42:39.389","9.3637269524231019346"
"09/29/2026 01:42:40.397","7.2748093813836289812"
"09/29/2026 01:42:41.413","10.771761007540170851"
"09/29/2026 01:42:42.419","12.355022102380852189"
"09/29/2026 01:42:43.427","11.52505186424611594"
"09/29/2026 01:42:44.435","11.12233973474013915"
"09/29/2026 01:42:45.438","10.728860103332637621"
"09/29/2026 01:42:46.446","10.027203802357098184"
"09/29/2026 01:42:47.450","9.3356550705231189369"
"09/29/2026 01:42:48.461","8.437120056525248657"
"09/29/2026 01:42:49.477","11.585993663600424597"
"09/29/2026 01:42:50.480","15.127977914761260081"
"09/29/2026 01:42:51.483","10.968515660835819858"
"09/29/2026 01:42:52.497","14.340348600037089"
"09/29/2026 01:42:53.511","8.330523660797584995"
"09/29/2026 01:42:54.511","8.9342685259737759651"
"09/29/2026 01:42:55.527","11.870219440798003063"
"09/29/2026 01:42:56.527","6.66708988001901659"
"09/29/2026 01:42:57.529","10.400665148837628493"
"09/29/2026 01:42:58.541","13.483693920449358217"
"09/29/2026 01:42:59.550","9.5085112078281301962"
"09/29/2026 01:43:00.558","14.268975010124297143"
"09/29/2026 01:43:01.562","12.145223054011932362"
"09/29/2026 01:43:02.570","9.9702943827168706292"
"09/29/2026 01:43:03.574","8.8427813766387650674"
"09/29/2026 01:43:04.586","14.556195556441043237"
"09/29/2026 01:43:05.599","9.5730562704490207437"
"09/29/2026 01:43:06.600","10.631020893828457829"
"09/29/2026 01:43:07.601","8.543318797333032677"
"09/29/2026 01:43:08.615","7.1689293474809563378"
"09/29/2026 01:43:09.616","6.2704276077651499577"
"09/29/2026 01:43:10.629","9.6737590416087204659"
"09/29/2026 01:43:11.641","6.5681809016935872592"
"09/29/2026 01:43:12.649","8.3547003696327948319"
"09/29/2026 01:43:13.666","9.395418556573186919"
"09/29/2026 01:43:14.666","10.968723268749647204"
"09/29/2026 01:43:15.677","5.7272809547100234084"
"09/29/2026 01:43:16.694","11.308577435901067787"
"09/29/2026 01:43:17.699","7.8782045260597062253"
"09/29/2026 01:43:18.699","8.3642853808268959881"
"09/29/2026 01:43:19.701","8.3690856766491901197"
"09/29/2026 01:43:20.714","5.8963740003171283277"
"09/29/2026 01:43:21.718","9.7596225368235529629"
"09/29/2026 01:43:22.733","9.4429917671396310652"
"09/29/2026 01:43:23.746","12.427255847140195044"
"09/29/2026 01:43:24.760","12.520414265805623444"
"09/29/2026 01:43:25.773","5.3113220187561704932"
"09/29/2026 01:43:26.773","9.728792942050546344"
"09/29/2026 01:43:27.776","7.845352948775818902"
"09/29/2026 01:43:28.788","12.011841772501053782"
"09/29/2026 01:43:29.789","7.5870312165129742965"
"09/29/2026 01:43:30.789","11.724858639782132386"
"09/29/2026 01:43:31.794","5.5956427564630590865"
"09/29/2026 01:43:32.810","7.8837679854345417141"
"09/29/2026 01:43:33.821","14.126010341586791696"
"09/29/2026 01:43:34.836","10.485421257205395307"
"09/29/2026 01:43:35.842","8.2128701155242733734"
"09/29/2026 01:43:36.857","8.3463161634214966256"
"09/29/2026 01:43:37.873","10.926376839003015817"
"09/29/2026 01:43:38.888","9.8767397757385957391"
"09/29/2026 01:43:39.898","12.081746873297749545"
"09/29/2026 01:43:40.903","13.175285849155560669"
"09/29/2026 01:43:41.917","12.851712369373281319"
"09/29/2026 01:43:42.929","15.02919053928150106"
"09/29/2026 01:43:43.937","12.108229552589676814"
"09/29/2026 01:43:44.943","8.0531260999435758663"
"09/29/2026 01:43:45.949","8.650132408351351998"
"09/29/2026 01:43:46.966","10.235451375557802933"
"09/29/2026 01:43:47.969","7.5186899621475733468"
"09/29/2026 01:43:48.973","5.6958208132668612933"
"09/29/2026 01:43:49.979","10.508511570255086198"
"09/29/2026 01:43:50.981","7.7109194539449976702"
"09/29/2026 01:43:51.990","7.7900368001939446216"
"09/29/2026 01:43:52.995","8.4690618565861015554"
"09/29/2026 01:43:54.005","10.476281083067462419"
"09/29/2026 01:43:55.017","6.4429251345418103725"
"09/29/2026 01:43:56.022","9.9848039716322176673"
"09/29/2026 01:43:57.031","9.1951857336462374803"
"09/29/2026 01:43:58.036","12.544548327522253572"
"09/29/2026 01:43:59.044","10.560094541036757931"
"09/29/2026 01:44:00.053","8.5994677229585541056"
"09/29/2026 01:44:01.056","11.066327109029527875"
"09/29/2026 01:44:02.064","8.2567697515384281814"
"09/29/2026 01:44:03.071","6.8857886034452864266"
"09/29/2026 01:44:04.080","7.3953765131164246327"
"09/29/2026 01:44:05.090","8.8954900752440941858"
"09/29/2026 01:44:06.093","17.248372488450257833"
"09/29/2026 01:44:07.097","18.443627090695802195"
"09/29/2026 01:44:08.104","10.966223578900702762"
"09/29/2026 01:44:09.109","7.9879663221724017674"
"09/29/2026 01:44:10.118","10.769651112454358355"
"09/29/2026 01:44:11.126","10.436747845361560749"
"09/29/2026 01:44:12.134","9.7438215876330165344"
"09/29/2026 01:44:13.147","8.6152436177225126812"
"09/29/2026 01:44:14.165","11.95941872367514236"
"09/29/2026 01:44:15.166","8.5661296591354130214"
"09/29/2026 01:44:16.175","9.4215913657130663239"
"09/29/2026 01:44:17.177","8.1286384486437874841"
"09/29/2026 01:44:18.179","9.1672988934882955192"
"09/29/2026 01:44:19.184","10.637058371139918478"
"09/29/2026 01:44:20.189","9.1134282771291097447"
"09/29/2026 01:44:21.198","7.1353850487832932714"
"09/29/2026 01:44:22.209","10.020440638314198623"
"09/29/2026 01:44:23.211","12.630536439750461142"
"09/29/2026 01:44:24.213","18.397931238405853094"
"09/29/2026 01:44:25.223","11.486509318237514421"
"09/29/2026 01:44:26.228","8.6159949002736055945"
"09/29/2026 01:44:27.236","13.246926611262354712"
"09/29/2026 01:44:28.243","7.9854415660404747257"
"09/29/2026 01:44:29.250","8.3129207262372375453"
"09/29/2026 01:44:30.256","11.174502784407314593"
"09/29/2026 01:44:31.258","8.2017338372687653703"
"09/29/2026 01:44:32.268","11.771710950283754471"
"09/29/2026 01:44:33.273","7.6179474363328498754"
"09/29/2026 01:44:34.288","9.4755816482400945233"
"09/29/2026 01:44:35.289","11.102902595002062114"
"09/29/2026 01:44:36.296","13.633814005098809474"
"09/29/2026 01:44:37.303","11.866076372421707319"
"09/29/2026 01:44:38.312","17.439076971485569345"
"09/29/2026 01:44:39.318","7.591338894957666561"
"09/29/2026 01:44:40.326","13.914339143808064136"
"09/29/2026 01:44:41.333","7.9017281624789266203"
"09/29/2026 01:44:42.335","13.19940618160320156"
"09/29/2026 01:44:43.343","9.6808570390292345564"
"09/29/2026 01:44:44.352","14.440758127090902008"
"09/29/2026 01:44:45.361","10.942397083980869965"
"09/29/2026 01:44:46.367","8.4833759893139344399"
"09/29/2026 01:44:47.372","10.979129737645887843"
"09/29/2026 01:44:48.374","8.8296758363853644624"
"09/29/2026 01:44:49.381","10.918104091131420219"
"09/29/2026 01:44:50.388","8.7923075028972128564"
"09/29/2026 01:44:51.392","14.305360824803903697"
"09/29/2026 01:44:52.399","8.0156082062229234708"
"09/29/2026 01:44:53.406","13.445655909108012338"
"09/29/2026 01:44:54.421","10.258854034062736105"
"09/29/2026 01:44:55.426","11.030492562983729599"
"09/29/2026 01:44:56.433","10.620665680413166498"
"09/29/2026 01:44:57.443","10.070736125250178361"
"09/29/2026 01:44:58.447","10.749474542698834512"
"09/29/2026 01:44:59.454","10.448738443973070389"
"09/29/2026 01:45:00.460","15.29228849729990003"
"09/29/2026 01:45:01.470","14.394121506852874504"
"09/29/2026 01:45:02.476","11.821884080883771517"
"09/29/2026 01:45:03.480","15.261617412871952837"
"09/29/2026 01:45:04.495","8.536818446295669105"
"09/29/2026 01:45:05.501","11.776744019574024946"
"09/29/2026 01:45:06.506","11.694930096896083427"
"09/29/2026 01:45:07.511","8.9630138755939938733"
"09/29/2026 01:45:08.527","10.922521756334957033"
"09/29/2026 01:45:09.531","10.057663031633989448"
"09/29/2026 01:45:10.538","13.16691284260366146"
"09/29/2026 01:45:11.543","13.076123502933645781"
"09/29/2026 01:45:12.547","9.7921661277422522573"
"09/29/2026 01:45:13.550","13.282639710713350922"
"09/29/2026 01:45:14.554","6.1404802246433849433"
"09/29/2026 01:45:15.561","8.3700521476359526218"
"09/29/2026 01:45:16.576","6.6043803640700282642"
"09/29/2026 01:45:17.591","9.6037710060256742395"
"09/29/2026 01:45:18.594","9.5409192928957544666"
"09/29/2026 01:45:19.598","8.8310301223930576242"
"09/29/2026 01:45:20.604","9.7297338129575088317"
"09/29/2026 01:45:21.612","6.8535326671212875027"
"09/29/2026 01:45:22.620","5.3595163351206505098"
"09/29/2026 01:45:23.623","9.7259224217698498904"
"09/29/2026 01:45:24.629","9.6665331860471219727"
"09/29/2026 01:45:25.637","6.5375176634803295883"
"09/29/2026 01:45:26.643","9.5339078303500421896"
"09/29/2026 01:45:27.651","5.2938768034709422494"
"09/29/2026 01:45:28.655","10.07988282550144099"
"09/29/2026 01:45:29.670","6.8721769801271754829"
"09/29/2026 01:45:30.677","5.4289813822559711554"
"09/29/2026 01:45:31.685","9.0274785332952518502"
"09/29/2026 01:45:32.693","6.0700871627379582307"
"09/29/2026 01:45:33.706","5.6971167992328375362"
"09/29/2026 01:45:34.710","9.0832720007259286632"
"09/29/2026 01:45:35.719","12.801251059427997347"
"09/29/2026 01:45:36.724","7.766451414697705502"
"09/29/2026 01:45:37.728","10.57409940747726651"
"09/29/2026 01:45:38.736","7.7031092106485399285"
"09/29/2026 01:45:39.741","7.4902295984615951951"
"09/29/2026 01:45:40.751","9.82327126833347819"
"09/29/2026 01:45:41.760","13.2124470444394575"
"09/29/2026 01:45:42.765","9.8023474579788434369"
"09/29/2026 01:45:43.780","13.289897255112270713"
"09/29/2026 01:45:44.786","12.692822711561458249"
"09/29/2026 01:45:45.795","9.261422460024515857"
"09/29/2026 01:45:46.800","11.344348361497569755"
"09/29/2026 01:45:47.809","6.3627927409811935178"
"09/29/2026 01:45:48.815","7.7529585175156512378"
"09/29/2026 01:45:49.822","10.921350260289841572"
"09/29/2026 01:45:50.827","5.1933749611307149507"
"09/29/2026 01:45:51.834","9.484438903471236415"
"09/29/2026 01:45:52.841","9.5946791118234777684"
"09/29/2026 01:45:53.848","7.1871750787957155993"
"09/29/2026 01:45:54.854","8.9725048978616328554"
"09/29/2026 01:45:55.860","9.1856097889799990241"
"09/29/2026 01:45:56.875","8.9241568056075077919"
"09/29/2026 01:45:57.885","10.614081141802012453"
"09/29/2026 01:45:58.892","9.6477115371414345901"
"09/29/2026 01:45:59.897","4.8640599237523947096"
"09/29/2026 01:46:00.906","14.533018016888899382"
"09/29/2026 01:46:01.909","10.842932467735577617"
"09/29/2026 01:46:02.915","8.8845157871006659178"
"09/29/2026 01:46:03.928","5.6490940635082527166"
"09/29/2026 01:46:04.932","7.3094438594110471286"
"09/29/2026 01:46:05.940","10.961090013188080405"
"09/29/2026 01:46:06.954","10.580003742837485348"
"09/29/2026 01:46:07.957","4.1746696448341946706"
"09/29/2026 01:46:08.959","8.302452042996499415"
"09/29/2026 01:46:09.967","8.3678770044289141339"
"09/29/2026 01:46:10.982","8.2666378687037518347"
"09/29/2026 01:46:11.988","10.606921246484157351"
"09/29/2026 01:46:12.998","4.7524023410821625291"
"09/29/2026 01:46:14.000","11.05777338870326254"
"09/29/2026 01:46:15.000","11.229655398195149019"
"09/29/2026 01:46:16.005","11.155856102814077246"
"09/29/2026 01:46:17.007","6.136330302507242429"
"09/29/2026 01:46:18.013","8.1233970922012783689"
"09/29/2026 01:46:19.019","6.8450862507933640799"
"09/29/2026 01:46:20.029","8.6674837685159715761"
"09/29/2026 01:46:21.038","5.2728795134007526713"
"09/29/2026 01:46:22.044","12.043517883108966871"
"09/29/2026 01:46:23.049","8.5870768437129481043"
"09/29/2026 01:46:24.053","7.8780193833216767274"
"09/29/2026 01:46:25.055","12.343053074632170052"
"09/29/2026 01:46:26.059","2.7889087501603904151"
"09/29/2026 01:46:27.062","10.875978079719494929"
"09/29/2026 01:46:28.063","6.8836776710304743432"
"09/29/2026 01:46:29.068","6.9461354155303194347"
"09/29/2026 01:46:30.075","8.22934741606941067"
"09/29/2026 01:46:31.081","11.27069721908424782"
"09/29/2026 01:46:32.090","6.3141987759858686502"
"09/29/2026 01:46:33.097","8.9068205161357383304"
"09/29/2026 01:46:34.103","8.0249604016188520461"
"09/29/2026 01:46:35.106","6.262684235279114553"
"09/29/2026 01:46:36.112","8.0904585211208353002"
"09/29/2026 01:46:37.121","8.287365333993701455"
"09/29/2026 01:46:38.122","11.059055588726884878"
"09/29/2026 01:46:39.128","9.3422171084185379186"
"09/29/2026 01:46:40.131","6.2546511187597246817"
"09/29/2026 01:46:41.145","7.0313939439275552346"
"09/29/2026 01:46:42.152","8.4089976057945428067"
"09/29/2026 01:46:43.166","8.0480899587373695425"
"09/29/2026 01:46:44.178","11.255324217541428311"
"09/29/2026 01:46:45.184","13.914687519697356066"
"09/29/2026 01:46:46.191","10.954470656581394294"
"09/29/2026 01:46:47.198","8.9866592214517542203"
"09/29/2026 01:46:48.203","9.8578016145524536284"
"09/29/2026 01:46:49.207","10.716915310856444776"
"09/29/2026 01:46:50.216","5.9953539153634105574"
"09/29/2026 01:46:51.219","8.799425535532268583"
"09/29/2026 01:46:52.227","7.8475499121362313204"
"09/29/2026 01:46:53.229","8.7037826633386554676"
"09/29/2026 01:46:54.231","8.3838901539937218388"
"09/29/2026 01:46:55.236","9.248066056307013838"
"09/29/2026 01:46:56.240","2.1380353124902495843"
"09/29/2026 01:46:57.246","11.357361890786721759"
"09/29/2026 01:46:58.251","6.8897465509744515444"
"09/29/2026 01:46:59.259","9.1846456307508326233"
"09/29/2026 01:47:00.264","9.8372877689244511146"
"09/29/2026 01:47:01.269","8.950582107455840486"
"09/29/2026 01:47:02.278","8.9003959237454299824"
"09/29/2026 01:47:03.288","7.7773206661045364285"
"09/29/2026 01:47:04.299","9.4640851791123807857"
"09/29/2026 01:47:05.303","10.447821804084945541"
"09/29/2026 01:47:06.312","8.5907401564559666696"
"09/29/2026 01:47:07.324","9.2248257734276357667"
"09/29/2026 01:47:08.327","6.335860380723101315"
"09/29/2026 01:47:09.328","7.323508877363393843"
"09/29/2026 01:47:10.339","10.738296926056156266"
"09/29/2026 01:47:11.344","10.191467324722669474"
"09/29/2026 01:47:12.348","9.2894868174519302784"
"09/29/2026 01:47:13.354","7.0432018883767710804"
"09/29/2026 01:47:14.355","7.2691846612605530709"
"09/29/2026 01:47:15.369","6.7804293860776132519"
"09/29/2026 01:47:16.377","8.4684816703885275047"
"09/29/2026 01:47:17.383","8.8752579534251871962"
"09/29/2026 01:47:18.397","12.625059387739767658"
"09/29/2026 01:47:19.412","9.4809872291718342296"
"09/29/2026 01:47:20.427","10.19683507936145439"
"09/29/2026 01:47:21.434","10.199327788572166043"
"09/29/2026 01:47:22.440","8.5779900362457528473"
"09/29/2026 01:47:23.451","4.4404022688459443557"
"09/29/2026 01:47:24.456","8.7135072543149014734"
"09/29/2026 01:47:25.459","9.9179802712830671396"
"09/29/2026 01:47:26.473","8.7160122231117238556"
"09/29/2026 01:47:27.479","8.6813747721806162616"
"09/29/2026 01:47:28.495","6.4503823442831675905"
"09/29/2026 01:47:29.499","8.6211806895864722122"
"09/29/2026 01:47:30.504","8.0790361175525191584"
"09/29/2026 01:47:31.509","8.4779408726680109964"
"09/29/2026 01:47:32.514","6.8155385135208357283"
"09/29/2026 01:47:33.524","9.4270960354570725315"
"09/29/2026 01:47:34.527","8.1548354446937310058"
"09/29/2026 01:47:35.530","9.3359692707015042856"
"09/29/2026 01:47:36.531","7.6555242816996438293"
"09/29/2026 01:47:37.545","9.2119720251030443592"
"09/29/2026 01:47:38.550","9.4395810021346662211"
"09/29/2026 01:47:39.555","8.4624853548269314274"
"09/29/2026 01:47:40.569","10.178336190286286111"
"09/29/2026 01:47:41.575","11.300103479126644146"
"09/29/2026 01:47:42.579","8.551420205861937518"
"09/29/2026 01:47:43.591","4.7580914254172768096"
"09/29/2026 01:47:44.669","13.660683251172500263"
"09/29/2026 01:47:45.683","9.2815881489592744202"
"09/29/2026 01:47:46.691","13.577788926905498101"
"09/29/2026 01:47:47.698","8.0372761554231342274"
"09/29/2026 01:47:48.701","10.216480830611828878"
"09/29/2026 01:47:49.703","7.524550923409578651"
"09/29/2026 01:47:50.715","11.071386953500294226"
"09/29/2026 01:47:51.729","8.1947339726115231429"
"09/29/2026 01:47:52.737","8.9459661245659525264"
"09/29/2026 01:47:53.744","8.9058123447351871249"
"09/29/2026 01:47:54.748","8.9004820768472612258"
"09/29/2026 01:47:55.763","7.5117292263168540245"
"09/29/2026 01:47:56.777","6.6698571556179757636"
"09/29/2026 01:47:57.781","8.0122317272407368449"
"09/29/2026 01:47:58.797","8.4580098140602633094"
"09/29/2026 01:47:59.813","9.5817819387153733146"
"09/29/2026 01:48:00.824","6.3712093832286154083"
"09/29/2026 01:48:01.828","9.3270692743843923722"
"09/29/2026 01:48:02.843","8.9089899045833416125"
"09/29/2026 01:48:03.845","8.8393731928691376964"
"09/29/2026 01:48:04.852","10.194743906668158218"
"09/29/2026 01:48:05.863","10.679486042402963619"
"09/29/2026 01:48:06.869","6.6258032742729122688"
"09/29/2026 01:48:07.878","9.2040459604530440174"
"09/29/2026 01:48:08.887","9.2173356965111636896"
"09/29/2026 01:48:09.891","6.9239105274816576951"
"09/29/2026 01:48:10.897","7.2571972536901068196"
"09/29/2026 01:48:11.901","8.7905122250979683685"
"09/29/2026 01:48:12.914","8.3508732026631555811"
"09/29/2026 01:48:13.916","10.653217540860836721"
"09/29/2026 01:48:14.924","7.3300573056687472473"
"09/29/2026 01:48:15.925","8.5184903332865999914"
"09/29/2026 01:48:16.938","8.4018636429203041871"
"09/29/2026 01:48:17.939","7.1726271329558999312"
"09/29/2026 01:48:18.940","6.945381536774597464"
"09/29/2026 01:48:19.942","12.220645057885192841"
"09/29/2026 01:48:20.953","8.6079076981794280243"
"09/29/2026 01:48:21.955","9.6391198385555760808"
"09/29/2026 01:48:22.957","13.52622545106179075"
"09/29/2026 01:48:23.959","9.2239325240819685092"
"09/29/2026 01:48:24.965","16.053296748361500335"
"09/29/2026 01:48:25.980","8.6190053207238719324"
"09/29/2026 01:48:26.994","8.8554030496320930155"
"09/29/2026 01:48:27.998","9.490294837101709291"
"09/29/2026 01:48:29.015","10.794853471683618196"
"09/29/2026 01:48:30.018","8.5636672657907411121"
"09/29/2026 01:48:31.019","7.0309827953469401507"
"09/29/2026 01:48:32.032","9.1278643925918228064"
"09/29/2026 01:48:33.045","6.9843769917042441975"
"09/29/2026 01:48:34.058","5.562325395927114613"
"09/29/2026 01:48:35.060","10.186770773700459358"
"09/29/2026 01:48:36.063","8.8862706281483294646"
"09/29/2026 01:48:37.078","9.5153858451268895635"
"09/29/2026 01:48:38.094","8.2982970568346576812"
"09/29/2026 01:48:39.097","8.005123646105438695"
"09/29/2026 01:48:40.110","7.421003947370885534"
"09/29/2026 01:48:41.111","7.6375245260609458953"
"09/29/2026 01:48:42.124","8.146419218945688101"
"09/29/2026 01:48:43.140","8.2342925563099296227"
"09/29/2026 01:48:44.141","7.515353423484749662"
"09/29/2026 01:48:45.151","11.212049543058400403"
"09/29/2026 01:48:46.151","10.240405961814303737"
"09/29/2026 01:48:47.166","9.5389056573912611725"
"09/29/2026 01:48:48.179","6.2042570785612145556"
"09/29/2026 01:48:49.194","9.8931537970390337478"
"09/29/2026 01:48:50.203","12.189339014625598878"
"09/29/2026 01:48:51.205","6.2840740182460113061"
"09/29/2026 01:48:52.214","8.0028931384874546495"
"09/29/2026 01:48:53.223","8.8792975106781195649"
"09/29/2026 01:48:54.229","9.4577890044115324741"
"09/29/2026 01:48:55.235","9.6326386562236585576"
"09/29/2026 01:48:56.238","6.8615296148586963909"
"09/29/2026 01:48:57.251","7.7277877054704013915"
"09/29/2026 01:48:58.256","10.932761208453733559"
"09/29/2026 01:48:59.270","10.51647687743239068"
"09/29/2026 01:49:00.274","7.0964729444429668348"
"09/29/2026 01:49:01.289","8.0966866475887471211"
"09/29/2026 01:49:02.294","9.9875268144622886268"
"09/29/2026 01:49:03.308","6.1279019469458795299"
"09/29/2026 01:49:04.323","6.7910494559974328155"
"09/29/2026 01:49:05.338","8.0343888822825721974"
"09/29/2026 01:49:06.351","8.8027125148562248569"
"09/29/2026 01:49:07.351","10.050829991254406792"
"09/29/2026 01:49:08.352","8.8331778529321844928"
"09/29/2026 01:49:09.367","12.781229424579743537"
"09/29/2026 01:49:10.379","10.478107392593615899"
"09/29/2026 01:49:11.381","10.525882423274735444"
"09/29/2026 01:49:12.396","8.8176855784368513014"
"09/29/2026 01:49:13.399","6.6912454025750527364"
"09/29/2026 01:49:14.401","6.5463612243791713396"
"09/29/2026 01:49:15.404","9.8398797435547464829"
"09/29/2026 01:49:16.406","8.0576367289532662141"
"09/29/2026 01:49:17.418","6.5577262581870909841"
"09/29/2026 01:49:18.433","8.1507365937107287834"
"09/29/2026 01:49:19.443","8.7747013419435919701"
"09/29/2026 01:49:20.455","6.1410729012292826212"
"09/29/2026 01:49:21.455","8.1237726794446629697"
"09/29/2026 01:49:22.470","8.7056710978282598745"
"09/29/2026 01:49:23.474","7.6801387779026448754"
"09/29/2026 01:49:24.484","9.10296564757503468"
"09/29/2026 01:49:25.491","5.558418161635925614"
"09/29/2026 01:49:26.495","10.078657230613819351"
"09/29/2026 01:49:27.511","9.4297645812926766951"
"09/29/2026 01:49:28.514","9.7197620650273712783"
"09/29/2026 01:49:29.525","8.2916660154344956624"
"09/29/2026 01:49:30.533","6.6664629528176870821"
"09/29/2026 01:49:31.539","8.7218182676938269537"
"09/29/2026 01:49:32.550","5.2303108299403326953"
"09/29/2026 01:49:33.556","10.579214861026720484"
"09/29/2026 01:49:34.560","5.8544173792060778538"
"09/29/2026 01:49:35.569","8.1638445017497289768"
"09/29/2026 01:49:36.575","8.2316069221739738282"
"09/29/2026 01:49:37.581","8.4853244256792521583"
"09/29/2026 01:49:38.588","11.549005879524576912"
"09/29/2026 01:49:39.593","10.646156044931187168"
"09/29/2026 01:49:40.601","11.752580572691451621"
"09/29/2026 01:49:41.609","12.404143776947861966"
"09/29/2026 01:49:42.617","13.007101276756605657"
"09/29/2026 01:49:43.622","8.8062970211296160983"
"09/29/2026 01:49:44.627","10.508194997810294424"
"09/29/2026 01:49:45.636","12.037084856967172897"
"09/29/2026 01:49:46.651","9.1403680905407966861"
"09/29/2026 01:49:47.663","10.186163909560598029"
"09/29/2026 01:49:48.673","8.4757787198292859898"
"09/29/2026 01:49:49.681","7.9327624889723891144"
"09/29/2026 01:49:50.690","5.4779656461572461268"
"09/29/2026 01:49:51.702","10.804234414059255442"
"09/29/2026 01:49:52.710","8.4034116209902638417"
"09/29/2026 01:49:53.717","8.1036672717772262331"
"09/29/2026 01:49:54.725","8.3994226003464067531"
"09/29/2026 01:49:55.733","9.4234455569969792776"
"09/29/2026 01:49:56.740","6.6844548752171828454"
"09/29/2026 01:49:57.743","10.543896773864169347"
"09/29/2026 01:49:58.746","16.23881761365555576"
"09/29/2026 01:49:59.757","8.2262151290849345742"
"09/29/2026 01:50:00.760","11.315105382026303005"
"09/29/2026 01:50:01.765","8.7876132919991967185"
"09/29/2026 01:50:02.768","6.2640482403474422313"
"09/29/2026 01:50:03.771","9.9619365135266253475"
"09/29/2026 01:50:04.782","6.1536269751718108978"
"09/29/2026 01:50:05.795","9.616716281245096809"
"09/29/2026 01:50:06.807","5.9488351443692133458"
"09/29/2026 01:50:07.823","9.2073637494363147482"
"09/29/2026 01:50:08.837","6.2254181974991222859"
"09/29/2026 01:50:09.853","8.5580945791057025929"
"09/29/2026 01:50:10.868","9.7435943922561278896"
"09/29/2026 01:50:11.874","7.8765947388669932394"
"09/29/2026 01:50:12.878","9.2733489012431178367"
"09/29/2026 01:50:13.879","10.64209977847605515"
"09/29/2026 01:50:14.880","10.147323143221276709"
"09/29/2026 01:50:15.889","8.6967832669978655247"
"09/29/2026 01:50:16.899","7.7096809575549869464"
"09/29/2026 01:50:17.903","9.4340682292644260087"
"09/29/2026 01:50:18.910","9.3225130237813207401"
"09/29/2026 01:50:19.916","8.2973033056503275873"
"09/29/2026 01:50:20.935","10.62976538941546778"
"09/29/2026 01:50:21.942","9.5628209660059031449"
"09/29/2026 01:50:22.952","9.4554817972272271476"
"09/29/2026 01:50:23.963","7.1276592166490848612"
"09/29/2026 01:50:24.973","7.995912853728659897"
"09/29/2026 01:50:25.982","9.8710423416267225605"
"09/29/2026 01:50:26.988","6.6818916257920468738"
"09/29/2026 01:50:27.996","5.467328368093093971"
"09/29/2026 01:50:29.004","9.3370181703837147325"
"09/29/2026 01:50:30.014","6.9067441794647965736"
"09/29/2026 01:50:31.020","14.212998668299970717"
"09/29/2026 01:50:32.029","10.224273020024687852"
"09/29/2026 01:50:33.038","8.3688071481273098584"
"09/29/2026 01:50:34.040","8.3562329736663993884"
"09/29/2026 01:50:35.047","8.198801900253283037"
"09/29/2026 01:50:36.054","6.6816115969692386756"
"09/29/2026 01:50:37.064","8.7699222672958043745"
"09/29/2026 01:50:38.068","8.4798005029240961505"
"09/29/2026 01:50:39.070","8.316971984190036693"
"09/29/2026 01:50:40.076","7.7475490461548783827"
"09/29/2026 01:50:41.083","10.37153530984485883"
"09/29/2026 01:50:42.090","8.2345496542215563807"
"09/29/2026 01:50:43.092","8.1300236946889032907"
"09/29/2026 01:50:44.105","8.942127542558042208"
"09/29/2026 01:50:45.114","6.2404347439536822506"
"09/29/2026 01:50:46.120","8.1885601337198252736"
"09/29/2026 01:50:47.127","14.522953486815403323"
"09/29/2026 01:50:48.135","12.030984837346569094"
"09/29/2026 01:50:49.141","11.218302108516276405"
"09/29/2026 01:50:50.149","7.4200322326398504558"
"09/29/2026 01:50:51.159","6.9379297209714145822"
"09/29/2026 01:50:52.165","10.883319497451592994"
"09/29/2026 01:50:53.166","11.580853569294379923"
"09/29/2026 01:50:54.173","11.06988725019243347"
"09/29/2026 01:50:55.182","12.191740922294712846"
"09/29/2026 01:50:56.192","8.76622142768356305"
"09/29/2026 01:50:57.203","7.4145042282878552697"
"09/29/2026 01:50:58.217","6.1917262248125659596"
"09/29/2026 01:50:59.219","6.7623123833711495934"
"09/29/2026 01:51:00.227","9.908744417955716699"
"09/29/2026 01:51:01.239","8.9725841825585295197"
"09/29/2026 01:51:02.244","9.4440240228647382992"
"09/29/2026 01:51:03.257","14.704823266085053746"
"09/29/2026 01:51:04.273","12.151841209551328404"
"09/29/2026 01:51:05.287","11.440006805350321883"
"09/29/2026 01:51:06.292","7.835513432165097214"
"09/29/2026 01:51:07.304","9.2881554767107807891"
"09/29/2026 01:51:08.319","7.8612568987333597548"
"09/29/2026 01:51:09.332","8.1802821294029044452"
"09/29/2026 01:51:10.346","7.5157030937403117576"
"09/29/2026 01:51:11.353","9.3576578069741067623"
"09/29/2026 01:51:12.359","11.310241880344939602"
"09/29/2026 01:51:13.367","5.9168941956503235957"
"09/29/2026 01:51:14.375","7.5954858657322654736"
"09/29/2026 01:51:15.385","9.4520181012257236119"
"09/29/2026 01:51:16.395","8.0349370395616404039"
"09/29/2026 01:51:17.399","8.5122415272569025291"
"09/29/2026 01:51:18.411","7.6677459330343538113"
"09/29/2026 01:51:19.421","5.9071495637721298522"
"09/29/2026 01:51:20.429","8.6280107362265887616"
"09/29/2026 01:51:21.440","7.3460420592155184494"
"09/29/2026 01:51:22.448","11.069435304336339598"
"09/29/2026 01:51:23.454","13.462923803587178995"
"09/29/2026 01:51:24.463","6.5080307052178598681"
"09/29/2026 01:51:25.470","7.2243649587877207807"
"09/29/2026 01:51:26.475","8.0226544950723130967"
"09/29/2026 01:51:27.484","6.723921287818490633"
"09/29/2026 01:51:28.490","10.792800066820728233"
"09/29/2026 01:51:29.495","10.662241198301058986"
"09/29/2026 01:51:30.502","11.629744822926191716"
"09/29/2026 01:51:31.517","8.1173507059000513664"
"09/29/2026 01:51:32.526","8.8409941971375864966"
"09/29/2026 01:51:33.534","10.159257178140423505"
"09/29/2026 01:51:34.543","11.976391986906998355"
"09/29/2026 01:51:35.550","13.742764634606597696"
"09/29/2026 01:51:36.557","13.576063729760523557"
"09/29/2026 01:51:37.563","7.9175063451114464641"
"09/29/2026 01:51:38.570","9.5773120691479807221"
"09/29/2026 01:51:39.581","7.5536669164570469093"
"09/29/2026 01:51:40.584","8.5004395218616135566"
"09/29/2026 01:51:41.590","6.3860040682843788318"
"09/29/2026 01:51:42.597","8.9475047568154497668"
"09/29/2026 01:51:43.604","10.337325282756470557"
"09/29/2026 01:51:44.610","8.2903713619443148986"
"09/29/2026 01:51:45.616","6.9652312329608996322"
"09/29/2026 01:51:46.624","9.1888036198897520279"
"09/29/2026 01:51:47.633","13.207733061725178914"
"09/29/2026 01:51:48.642","10.248482939016568594"
"09/29/2026 01:51:49.650","10.449227146595463367"
"09/29/2026 01:51:50.655","9.8392875383526927635"
"09/29/2026 01:51:51.664","10.312416191790640951"
"09/29/2026 01:51:52.669","6.9285092584827401296"
"09/29/2026 01:51:53.679","6.4043600951805501609"
"09/29/2026 01:51:54.683","13.787244160154720873"
"09/29/2026 01:51:55.696","8.545567872341008453"
"09/29/2026 01:51:56.701","11.85378038505850995"
"09/29/2026 01:51:57.709","9.3347840098522709695"
"09/29/2026 01:51:58.721","9.6953761068722670302"
"09/29/2026 01:51:59.732","11.165897478470409254"
"09/29/2026 01:52:00.735","10.105026532541261375"
"09/29/2026 01:52:01.749","9.5627924511783586325"
"09/29/2026 01:52:02.762","8.8975340142767649354"
"09/29/2026 01:52:03.763","10.532998804884318389"
"09/29/2026 01:52:04.766","10.661902012784707949"
"09/29/2026 01:52:05.766","8.1179238409027298928"
"09/29/2026 01:52:06.781","10.610932064170086164"
"09/29/2026 01:52:07.796","10.824305786377330207"
"09/29/2026 01:52:08.811","7.9226199850276346481"
"09/29/2026 01:52:09.814","9.4654588905003009813"
"09/29/2026 01:52:10.826","9.7249799319990781754"
"09/29/2026 01:52:11.838","9.5666639201689935845"
"09/29/2026 01:52:12.838","13.518107253086341757"
"09/29/2026 01:52:13.846","11.530716479461389667"
"09/29/2026 01:52:14.854","9.2428894596322415111"
"09/29/2026 01:52:15.865","7.9989173869243312964"
"09/29/2026 01:52:16.871","10.396468775445589117"
"09/29/2026 01:52:17.881","11.825315080175924365"
"09/29/2026 01:52:18.887","11.215880701059466773"
"09/29/2026 01:52:19.894","11.835113134382302391"
"09/29/2026 01:52:20.900","7.5679098795203731953"
"09/29/2026 01:52:21.909","12.310689013833275851"
"09/29/2026 01:52:22.919","9.1089852980272176808"
"09/29/2026 01:52:23.929","9.4821469603490804445"
"09/29/2026 01:52:24.936","4.9668725551119452533"
"09/29/2026 01:52:25.941","7.8966923537336475292"
"09/29/2026 01:52:26.945","10.294481324991732407"
"09/29/2026 01:52:27.946","8.7666977632438474188"
"09/29/2026 01:52:28.950","9.5857241513700124358"
"09/29/2026 01:52:29.956","9.685853104771080524"
"09/29/2026 01:52:30.961","7.5660158185668731079"
"09/29/2026 01:52:31.965","5.5277509480910813622"
"09/29/2026 01:52:32.976","6.1101670438539539276"
"09/29/2026 01:52:33.979","10.170403145744721485"
"09/29/2026 01:52:34.982","4.1687414004300871184"
"09/29/2026 01:52:35.994","9.5653990472343899398"
"09/29/2026 01:52:37.002","8.3506065420348321027"
"09/29/2026 01:52:38.016","6.7861322712240212951"
"09/29/2026 01:52:39.024","10.900551155864368624"
"09/29/2026 01:52:40.033","10.254050205088738323"
"09/29/2026 01:52:41.041","11.654477571847465356"
"09/29/2026 01:52:42.052","5.5522965557848085183"
"09/29/2026 01:52:43.060","10.81046361097747166"
"09/29/2026 01:52:44.061","9.3382894221189722828"
"09/29/2026 01:52:45.069","3.3120031841453068111"
"09/29/2026 01:52:46.080","8.3178465103855856455"
"09/29/2026 01:52:47.088","9.0902815884104199995"
"09/29/2026 01:52:48.094","12.451015432151525175"
"09/29/2026 01:52:49.101","10.621683911905888564"
"09/29/2026 01:52:50.109","10.490167340462630108"
"09/29/2026 01:52:51.113","5.8628082845209927854"
"09/29/2026 01:52:52.119","7.5214735513242985121"
"09/29/2026 01:52:53.126","8.884218242571096269"
"09/29/2026 01:52:54.130","6.6023780304417245546"
"09/29/2026 01:52:55.138","8.0437293201140906973"
"09/29/2026 01:52:56.145","9.2526663893469525135"
"09/29/2026 01:52:57.150","13.250108668134686241"
"09/29/2026 01:52:58.153","5.4103606006277615847"
"09/29/2026 01:52:59.159","3.6410022079843118448"
"09/29/2026 01:53:00.164","9.9604141303227358151"
"09/29/2026 01:53:01.172","8.4092549029101135716"
"09/29/2026 01:53:02.177","13.003544185897608187"
"09/29/2026 01:53:03.187","5.7712277108961318461"
"09/29/2026 01:53:04.191","6.9785205241958632172"
"09/29/2026 01:53:05.205","4.2035022105514912028"
"09/29/2026 01:53:06.210","8.1773138167101642182"
"09/29/2026 01:53:07.217","9.6317500688567250222"
"09/29/2026 01:53:08.221","5.7385796786856957397"
"09/29/2026 01:53:09.226","9.6768197517682388309"
"09/29/2026 01:53:10.235","9.0565721982423177394"
"09/29/2026 01:53:11.243","10.65784814736630004"
"09/29/2026 01:53:12.252","10.179290560604126625"
"09/29/2026 01:53:13.255","5.5666060896329305763"
"09/29/2026 01:53:14.261","10.567100101098370502"
"09/29/2026 01:53:15.273","5.9582669468156268522"
"09/29/2026 01:53:16.281","6.3556066978811216472"
"09/29/2026 01:53:17.293","8.1555818141062612625"
"09/29/2026 01:53:18.297","9.629155276776813821"
"09/29/2026 01:53:19.301","6.0234919503375454752"
"09/29/2026 01:53:20.311","8.1858116546203127939"
"09/29/2026 01:53:21.318","7.2025589934911486978"
"09/29/2026 01:53:22.320","14.222478516512882862"
"09/29/2026 01:53:23.322","6.3808283363497526608"
"09/29/2026 01:53:24.330","7.4433050464156158554"
"09/29/2026 01:53:25.339","8.6512870591240460527"
"09/29/2026 01:53:26.346","7.8429613011777865594"
"09/29/2026 01:53:27.353","8.1536468744312315948"
"09/29/2026 01:53:28.360","9.5502970934499664679"
"09/29/2026 01:53:29.369","8.4414204943968567108"
"09/29/2026 01:53:30.376","11.349050077693156879"
"09/29/2026 01:53:31.383","1.1513673672894353395"
"09/29/2026 01:53:32.393","11.376819808345617346"
"09/29/2026 01:53:33.401","6.5977905276487387454"
"09/29/2026 01:53:34.413","5.7961102157589099448"
"09/29/2026 01:53:35.422","8.0734160764207913985"
"09/29/2026 01:53:36.430","8.482477047856207264"
"09/29/2026 01:53:37.438","8.2628229528901915302"
"09/29/2026 01:53:38.445","11.568959530679279624"
"09/29/2026 01:53:39.454","7.2958802982634356482"
"09/29/2026 01:53:40.464","8.6045161299903369923"
"09/29/2026 01:53:41.471","6.8231514128221704141"
"09/29/2026 01:53:42.479","9.2081633430913019112"
"09/29/2026 01:53:43.490","11.709766713633984025"
"09/29/2026 01:53:44.496","10.372024471187035743"
"09/29/2026 01:53:45.501","6.6325124090087284046"
"09/29/2026 01:53:46.509","6.4668463511374563168"
"09/29/2026 01:53:47.511","8.7900372893667029217"
"09/29/2026 01:53:48.516","11.759571574785088188"
"09/29/2026 01:53:49.525","10.985235599386477645"
"09/29/2026 01:53:50.530","10.708940647327169771"
"09/29/2026 01:53:51.536","7.6073642800318586055"
"09/29/2026 01:53:52.542","7.8229554780569703354"
"09/29/2026 01:53:53.551","8.8320503162954029364"
"09/29/2026 01:53:54.560","9.4963363661837103535"
"09/29/2026 01:53:55.566","8.9149897668478814694"
"09/29/2026 01:53:56.569","8.1222154136826105741"
"09/29/2026 01:53:57.581","6.5881139714685010844"
"09/29/2026 01:53:58.583","7.8582512430978024298"
"09/29/2026 01:53:59.591","7.7492645799355113212"
"09/29/2026 01:54:00.596","11.895644777581992457"
"09/29/2026 01:54:01.605","6.5900732489087570087"
"09/29/2026 01:54:02.612","7.2117960337806490401"
"09/29/2026 01:54:03.618","9.799612583001959365"
"09/29/2026 01:54:04.620","11.180781352606672385"
"09/29/2026 01:54:05.627","4.1079642830308626955"
"09/29/2026 01:54:06.633","7.3892245557366624809"
"09/29/2026 01:54:07.640","10.228879914062449785"
"09/29/2026 01:54:08.648","7.940011324230978218"
"09/29/2026 01:54:09.659","8.3328691098574996232"
"09/29/2026 01:54:10.668","6.361586123304441287"
"09/29/2026 01:54:11.683","11.302427564542828264"
"09/29/2026 01:54:12.686","7.853894914743008826"
"09/29/2026 01:54:13.698","11.80522348380688058"
"09/29/2026 01:54:14.711","7.5138689871233950157"
"09/29/2026 01:54:15.714","14.412037712158820568"
"09/29/2026 01:54:16.714","9.1616615108389360955"
"09/29/2026 01:54:17.719","7.4925777908064201682"
"09/29/2026 01:54:18.724","9.2971987623650989008"
"09/29/2026 01:54:19.726","8.0605052369321690264"
"09/29/2026 01:54:20.728","8.381537793301330197"
"09/29/2026 01:54:21.737","9.2821318256729341556"
"09/29/2026 01:54:22.743","8.3811737167830742123"
"09/29/2026 01:54:23.755","6.663068860314147912"
"09/29/2026 01:54:24.763","6.9592495577805006945"
"09/29/2026 01:54:25.773","7.9082580766841275022"
"09/29/2026 01:54:26.780","7.8645913709525778756"
"09/29/2026 01:54:27.788","9.5804538889822090653"
"09/29/2026 01:54:28.794","10.95416844841169457"
"09/29/2026 01:54:29.799","9.7360694945619492557"
"09/29/2026 01:54:30.804","6.5847922212809102405"
"09/29/2026 01:54:31.818","7.7133106542724316768"
"09/29/2026 01:54:32.834","5.3057317400444947708"
"09/29/2026 01:54:33.837","9.4485453790604907454"
"09/29/2026 01:54:34.842","8.0047159968240304551"
"09/29/2026 01:54:35.846","8.9247626373849531234"
"09/29/2026 01:54:36.850","8.2637410382366933703"
"09/29/2026 01:54:37.858","10.827960726112284107"
"09/29/2026 01:54:38.866","3.9143742299296402365"
"09/29/2026 01:54:39.871","9.3523152865741643325"
"09/29/2026 01:54:40.887","10.476652257378106015"
"09/29/2026 01:54:41.896","10.684725029234288129"
"09/29/2026 01:54:42.902","8.680203893443849239"
"09/29/2026 01:54:43.905","12.196401252133636461"
"09/29/2026 01:54:44.912","6.6859780214890252026"
"09/29/2026 01:54:45.920","7.5851930473684543443"
"09/29/2026 01:54:46.930","10.252685538418903732"
"09/29/2026 01:54:47.936","13.671584447258366524"
"09/29/2026 01:54:48.937","12.983843621741453234"
"09/29/2026 01:54:49.947","11.407772539089677366"
"09/29/2026 01:54:50.957","10.167013474337306178"
"09/29/2026 01:54:51.965","11.774792307805171276"
"09/29/2026 01:54:52.971","6.619222826480230637"
"09/29/2026 01:54:53.978","8.792857144276533532"
"09/29/2026 01:54:54.985","9.4778305905800834807"
"09/29/2026 01:54:55.994","9.3272412553674790558"
"09/29/2026 01:54:57.000","8.8714010833692906743"
"09/29/2026 01:54:58.011","8.322963455842524283"
"09/29/2026 01:54:59.018","5.6868122757396610822"
"09/29/2026 01:55:00.026","8.2144720941815130288"
"09/29/2026 01:55:01.037","9.804944944105553617"
"09/29/2026 01:55:02.046","10.997647419442879269"
"09/29/2026 01:55:03.053","7.6567095747085867075"
"09/29/2026 01:55:04.062","10.063423778921187335"
"09/29/2026 01:55:05.068","9.7753688719894089587"
"09/29/2026 01:55:06.074","5.8525246850947070243"
"09/29/2026 01:55:07.079","9.4334632292315312441"
"09/29/2026 01:55:08.088","8.372821019615440008"
"09/29/2026 01:55:09.095","7.215805171671330065"
"09/29/2026 01:55:10.099","9.1038774161704250076"
"09/29/2026 01:55:11.100","9.2074970475215618393"
"09/29/2026 01:55:12.106","10.097813913697684995"
"09/29/2026 01:55:13.113","8.2483951654592218006"
"09/29/2026 01:55:14.119","9.4961505865462925158"
"09/29/2026 01:55:15.125","6.8759951933509260158"
"09/29/2026 01:55:16.134","5.0307853868436502864"
"09/29/2026 01:55:17.143","10.031242893371883795"
"09/29/2026 01:55:18.151","7.621490755745019996"
"09/29/2026 01:55:19.155","14.475778694614016118"
"09/29/2026 01:55:20.164","19.166433700693975339"
"09/29/2026 01:55:21.170","7.5653007185684018054"
"09/29/2026 01:55:22.177","11.237057517257721173"
"09/29/2026 01:55:23.190","8.8326144671849409207"
"09/29/2026 01:55:24.196","6.6885148397546672072"
"09/29/2026 01:55:25.205","8.5639414338136159444"
"09/29/2026 01:55:26.212","7.7513072686540063216"
"09/29/2026 01:55:27.217","7.6608586833545766481"
"09/29/2026 01:55:28.227","16.869437382531494052"
"09/29/2026 01:55:29.234","11.794226312437395165"
"09/29/2026 01:55:30.238","9.0049384839785968637"
"09/29/2026 01:55:31.244","3.7084689035259743584"
"09/29/2026 01:55:32.247","11.926875600269005062"
"09/29/2026 01:55:33.256","8.6619620208140286621"
"09/29/2026 01:55:34.261","6.8435515433337705815"
"09/29/2026 01:55:35.265","10.844019663704408174"
"09/29/2026 01:55:36.272","8.4979836707125713247"
"09/29/2026 01:55:37.276","14.554426745259297249"
"09/29/2026 01:55:38.292","7.3792403553882612854"
"09/29/2026 01:55:39.303","7.3979168891694202514"
"09/29/2026 01:55:40.309","11.213757322488483226"
"09/29/2026 01:55:41.318","6.819539047656430597"
"09/29/2026 01:55:42.320","8.6483899828696646495"
"09/29/2026 01:55:43.329","8.8267825431280968473"
"09/29/2026 01:55:44.338","8.6641610304713729818"
"09/29/2026 01:55:45.342","10.942481357434431288"
"09/29/2026 01:55:46.344","5.6248930008488073895"
"09/29/2026 01:55:47.354","9.0401695979277505444"
"09/29/2026 01:55:48.364","9.330970040041176361"
"09/29/2026 01:55:49.369","6.8515311577740600768"
"09/29/2026 01:55:50.377","10.53532588043090179"
"09/29/2026 01:55:51.382","13.723644776694532865"
"09/29/2026 01:55:52.390","14.16448018996554481"
"09/29/2026 01:55:53.396","9.9675381679047774242"
"09/29/2026 01:55:54.402","8.4751466816939124982"
"09/29/2026 01:55:55.409","9.5458638916497644544"
"09/29/2026 01:55:56.416","5.570605381582172555"
"09/29/2026 01:55:57.426","7.5140847295883439472"
"09/29/2026 01:55:58.434","11.205348733703923259"
"09/29/2026 01:55:59.439","6.9885453824614529594"
"09/29/2026 01:56:00.446","8.3424807794418409657"
"09/29/2026 01:56:01.454","8.4549516784770517575"
"09/29/2026 01:56:02.465","7.6768823692231258349"
"09/29/2026 01:56:03.469","8.2877863749854832065"
"09/29/2026 01:56:04.479","8.6205287213535051194"
"09/29/2026 01:56:05.486","7.56529503336076381"
"09/29/2026 01:56:06.494","10.02337762246712316"
"09/29/2026 01:56:07.497","9.3035841482917334133"
"09/29/2026 01:56:08.513","11.139159239740447305"
"09/29/2026 01:56:09.527","8.6425435190249029205"
"09/29/2026 01:56:10.532","7.9430027472907500652"
"09/29/2026 01:56:11.538","7.5746004389395604761"
"09/29/2026 01:56:12.553","8.5223583644007057103"
"09/29/2026 01:56:13.558","8.5162775640413848066"
"09/29/2026 01:56:14.560","8.1267130065192372257"
"09/29/2026 01:56:15.565","13.641061883216011097"
"09/29/2026 01:56:16.572","11.927273311953911161"
"09/29/2026 01:56:17.578","4.7971140439673760625"
"09/29/2026 01:56:18.591","10.603575067842641033"
"09/29/2026 01:56:19.600","10.231419018212550398"
"09/29/2026 01:56:20.606","6.0052906001959556193"
"09/29/2026 01:56:21.615","8.1218897916536363368"
"09/29/2026 01:56:22.628","11.138707784349055174"
"09/29/2026 01:56:23.635","10.02690009535907123"
"09/29/2026 01:56:24.641","14.348289522883616698"
"09/29/2026 01:56:25.647","5.7663258547164701895"
"09/29/2026 01:56:26.651","7.9459418632296667795"
"09/29/2026 01:56:27.656","8.9920352540967201094"
"09/29/2026 01:56:28.659","7.9863215961819005173"
"09/29/2026 01:56:29.666","4.9997452104784905202"
"09/29/2026 01:56:30.673","9.6111803090290095497"
"09/29/2026 01:56:31.681","7.181970292771422848"
"09/29/2026 01:56:32.684","8.0010846415002774279"
"09/29/2026 01:56:33.691","7.5014761291034908197"
"09/29/2026 01:56:34.696","6.6120279067600655765"
"09/29/2026 01:56:35.704","8.1419450959037469318"
"09/29/2026 01:56:36.714","10.147611785798638095"
"09/29/2026 01:56:37.724","4.6188606926439890188"
"09/29/2026 01:56:38.727","9.3019501517387030987"
"09/29/2026 01:56:39.737","10.326540085942436775"
"09/29/2026 01:56:40.745","5.692103610410248038"
"09/29/2026 01:56:41.749","11.703028753316113253"
"09/29/2026 01:56:42.756","8.6371175344229005333"
"09/29/2026 01:56:43.768","10.010552399555239234"
"09/29/2026 01:56:44.773","8.1961208697216907382"
"09/29/2026 01:56:45.779","7.5655588638795183698"
"09/29/2026 01:56:46.785","6.6476733143399862058"
"09/29/2026 01:56:47.793","9.2751390680295582314"
"09/29/2026 01:56:48.797","10.057609279637979682"
"09/29/2026 01:56:49.803","10.203309628726831448"
"09/29/2026 01:56:50.810","14.787383288246314095"
"09/29/2026 01:56:51.817","6.4607683921742875555"
"09/29/2026 01:56:52.826","12.090323270150815205"
"09/29/2026 01:56:53.837","5.4386032609179624231"
"09/29/2026 01:56:54.845","11.722215190651885663"
"09/29/2026 01:56:55.854","8.4307189635124615279"
"09/29/2026 01:56:56.862","10.915726279938386512"
"09/29/2026 01:56:57.869","9.1098643587051100212"
"09/29/2026 01:56:58.876","7.3005453208939474763"
"09/29/2026 01:56:59.884","10.154659892385852871"
"09/29/2026 01:57:00.890","7.989531975304087652"
"09/29/2026 01:57:01.892","5.6178214777206081365"
"09/29/2026 01:57:02.900","8.7847546531621851784"
"09/29/2026 01:57:03.907","8.1119948625845594847"
"09/29/2026 01:57:04.914","8.6382344546162563859"
"09/29/2026 01:57:05.921","7.7688841291255750221"
"09/29/2026 01:57:06.929","10.684830517141620021"
"09/29/2026 01:57:07.938","8.9937378022170157976"
"09/29/2026 01:57:08.945","8.4861244862690199398"
"09/29/2026 01:57:09.949","8.9262148526802924664"
"09/29/2026 01:57:10.964","7.1331397663838558287"
"09/29/2026 01:57:11.981","9.1287158668387657912"
"09/29/2026 01:57:12.996","6.8634946907464966515"
"09/29/2026 01:57:13.999","11.280214209737726705"
"09/29/2026 01:57:15.012","8.2518581049574546427"
"09/29/2026 01:57:16.027","9.7929231594624965851"
"09/29/2026 01:57:17.042","7.3208398345487868397"
"09/29/2026 01:57:18.058","8.6503268704301579106"
"09/29/2026 01:57:19.073","5.69695952077880996"
"09/29/2026 01:57:20.088","9.4997501100195673729"
"09/29/2026 01:57:21.102","8.8018323302953334064"
"09/29/2026 01:57:22.104","10.142292733719227016"
"09/29/2026 01:57:23.121","9.1760890285299652191"
"09/29/2026 01:57:24.125","10.949804325388479143"
"09/29/2026 01:57:25.131","10.082204028904250492"
"09/29/2026 01:57:26.135","8.9521054083233853049"
"09/29/2026 01:57:27.140","9.787918738350819936"
"09/29/2026 01:57:28.141","14.544821706650468585"
"09/29/2026 01:57:29.146","9.4231637954455109707"
"09/29/2026 01:57:30.159","8.2447765651319180336"
"09/29/2026 01:57:31.172","10.687687411562684758"
"09/29/2026 01:57:32.188","7.1761793212390845298"
"09/29/2026 01:57:33.202","8.3267127244766037109"
"09/29/2026 01:57:34.218","8.5593276057697735837"
"09/29/2026 01:57:35.235","8.6183667918975466193"
"09/29/2026 01:57:36.239","8.9094334673754609355"
"09/29/2026 01:57:37.252","6.6304017612315968577"
"09/29/2026 01:57:38.268","10.513980273684076394"
"09/29/2026 01:57:39.270","8.7365572489312093296"
"09/29/2026 01:57:40.284","5.9419429017141256466"
"09/29/2026 01:57:41.297","6.3745728922358964041"
"09/29/2026 01:57:42.299","9.799367689351068833"
"09/29/2026 01:57:43.301","7.1806647656600830487"
"09/29/2026 01:57:44.315","10.00517137768163245"
"09/29/2026 01:57:45.316","4.3250435150771533444"
"09/29/2026 01:57:46.325","7.1681688293594891803"
"09/29/2026 01:57:47.339","9.4759702771273666144"
"09/29/2026 01:57:48.355","7.034184154763511998"
"09/29/2026 01:57:49.369","9.2040570107246200138"
"09/29/2026 01:57:50.371","8.713914239659192873"
"09/29/2026 01:57:51.374","14.148491269285690564"
"09/29/2026 01:57:52.386","11.852385744140326196"
"09/29/2026 01:57:53.400","8.8862046372199738897"
"09/29/2026 01:57:54.405","8.2158089140507701842"
"09/29/2026 01:57:55.418","9.5546675907219320578"
"09/29/2026 01:57:56.434","8.9726447013201422465"
"09/29/2026 01:57:57.448","8.9259516670111338499"
"09/29/2026 01:57:58.462","6.9609132227704488827"
"09/29/2026 01:57:59.478","8.0152627066972463865"
"09/29/2026 01:58:00.493","13.108151287852098932"
"09/29/2026 01:58:01.509","10.199706884435165932"
"09/29/2026 01:58:02.514","11.780983499304664264"
"09/29/2026 01:58:03.524","10.050019030863078129"
"09/29/2026 01:58:04.529","9.8510944002533804564"
"09/29/2026 01:58:05.537","8.3188351229207757598"
"09/29/2026 01:58:06.546","8.1436369528981700228"
"09/29/2026 01:58:07.548","7.2384884928581083585"
"09/29/2026 01:58:08.562","10.70970196073095515"
"09/29/2026 01:58:09.576","10.231186997553576745"
"09/29/2026 01:58:10.593","12.048959283640170881"
"09/29/2026 01:58:11.596","8.8613788779922213479"
"09/29/2026 01:58:12.606","8.1475007135952797199"
"09/29/2026 01:58:13.618","11.817569649793213671"
"09/29/2026 01:58:14.625","7.4757176551300759115"
"09/29/2026 01:58:15.630","7.2243360007610775142"
"09/29/2026 01:58:16.637","7.4858533367310737816"
"09/29/2026 01:58:17.640","8.4014034446755267993"
"09/29/2026 01:58:18.650","6.9499701670407976195"
"09/29/2026 01:58:19.658","11.988935261959355216"
"09/29/2026 01:58:20.662","9.5864186756758229535"
"09/29/2026 01:58:21.668","10.982269756196105348"
"09/29/2026 01:58:22.672","10.289808590687400169"
"09/29/2026 01:58:23.682","7.6892274330824577078"
"09/29/2026 01:58:24.684","10.60493851571304802"
"09/29/2026 01:58:25.697","5.3927129500146779861"
"09/29/2026 01:58:26.701","9.3446172942578069609"
"09/29/2026 01:58:27.703","6.9372195302632615466"
"09/29/2026 01:58:28.715","8.6406656738703624399"
"09/29/2026 01:58:29.721","8.0174159673411349303"
"09/29/2026 01:58:30.735","6.2578539997779074611"
"09/29/2026 01:58:31.750","14.487085688948010187"
"09/29/2026 01:58:32.752","11.479426246654799826"
"09/29/2026 01:58:33.766","9.7287101810702658611"
"09/29/2026 01:58:34.770","7.7296713063823911938"
"09/29/2026 01:58:35.773","7.8468135362669606536"
"09/29/2026 01:58:36.780","9.5550424596011485079"
"09/29/2026 01:58:37.784","9.2473639462301697733"
"09/29/2026 01:58:38.788","9.5082294222595393762"
"09/29/2026 01:58:39.788","10.625555978046929084"
"09/29/2026 01:58:40.800","8.5996241947895679658"
"09/29/2026 01:58:41.805","7.2333736755165078947"
"09/29/2026 01:58:42.818","7.2886411023837087697"
"09/29/2026 01:58:43.833","9.8240633996388275762"
"09/29/2026 01:58:44.835","12.437349003540598247"
"09/29/2026 01:58:45.842","9.3930999598079480961"
"09/29/2026 01:58:46.849","11.156650734029094352"
"09/29/2026 01:58:47.854","8.4812009878901370996"
"09/29/2026 01:58:48.861","8.8850228378988482802"
"09/29/2026 01:58:49.869","8.0080389979115587096"
"09/29/2026 01:58:50.878","8.655083776231286663"
"09/29/2026 01:58:51.880","11.784094858932093075"
"09/29/2026 01:58:52.886","11.044175409806577193"
"09/29/2026 01:58:53.896","8.2318254286253385033"
"09/29/2026 01:58:54.903","10.458034150154260189"
"09/29/2026 01:58:55.908","9.1813930189866610476"
"09/29/2026 01:58:56.924","6.9539108040901354002"
"09/29/2026 01:58:57.933","8.4418715305627607393"
"09/29/2026 01:58:58.936","8.0866316211897988353"
"09/29/2026 01:58:59.945","6.7724413863066494912"
"09/29/2026 01:59:00.949","9.412401097483158452"
"09/29/2026 01:59:01.957","9.7432654670082001758"
"09/29/2026 01:59:02.966","6.525807924166315388"
"09/29/2026 01:59:03.974","14.590523751551543796"
"09/29/2026 01:59:04.980","11.705637336651008695"
"09/29/2026 01:59:05.988","10.88270833318857278"
"09/29/2026 01:59:06.995","9.248918358800473527"
"09/29/2026 01:59:08.003","8.3242465362742716906"
"09/29/2026 01:59:09.009","10.620264894798648214"
"09/29/2026 01:59:10.012","9.5946857803234095741"
"09/29/2026 01:59:11.026","10.41768908571465424"
"09/29/2026 01:59:12.029","8.4848776073103699957"
"09/29/2026 01:59:13.046","11.852639039272416355"
"09/29/2026 01:59:14.048","11.808204940022115181"
"09/29/2026 01:59:15.054","6.7290427645118384703"
"09/29/2026 01:59:16.067","10.361342636824321772"
"09/29/2026 01:59:17.069","8.3387511499234623358"
"09/29/2026 01:59:18.083","7.6749745326117118083"
"09/29/2026 01:59:19.098","9.3022323280719021454"
"09/29/2026 01:59:20.099","10.052035966809192757"
"09/29/2026 01:59:21.114","7.5604551352686062415"
"09/29/2026 01:59:22.117","11.05081698032337556"
"09/29/2026 01:59:23.133","11.723674241790160266"
"09/29/2026 01:59:24.134","10.215429802067976794"
"09/29/2026 01:59:25.147","9.3785795073521800447"
"09/29/2026 01:59:26.163","8.5807529523396315341"
"09/29/2026 01:59:27.166","10.634120082642494864"
"09/29/2026 01:59:28.178","8.1421152744465370432"
"09/29/2026 01:59:29.185","10.759577722888868934"
"09/29/2026 01:59:30.191","7.5438254243660241016"
"09/29/2026 01:59:31.200","10.174132635091259758"
"09/29/2026 01:59:32.208","7.784297583170030066"
"09/29/2026 01:59:33.216","11.153597600066012419"
"09/29/2026 01:59:34.227","4.9169354347958327267"
"09/29/2026 01:59:35.234","11.922736320412841593"
"09/29/2026 01:59:36.243","9.0984790416728795748"
"09/29/2026 01:59:37.253","11.435926996778178477"
"09/29/2026 01:59:38.254","5.716069498469000365"
"09/29/2026 01:59:39.268","6.431071212023987016"
"09/29/2026 01:59:40.282","9.6095187844700387103"
"09/29/2026 01:59:41.292","5.931085570375915772"
"09/29/2026 01:59:42.300","8.4557201571086366698"
"09/29/2026 01:59:43.307","8.8466082536938763781"
"09/29/2026 01:59:44.314","5.1471960377612369086"
"09/29/2026 01:59:45.320","14.045825614441053375"
"09/29/2026 01:59:46.323","4.2528466309051378147"
"09/29/2026 01:59:47.327","11.207900946274506282"
"09/29/2026 01:59:48.338","8.2291473877040726137"
"09/29/2026 01:59:49.345","5.0892243275128645763"
"09/29/2026 01:59:50.355","6.7558749645656890337"
"09/29/2026 01:59:51.357","21.543344687290012729"
"09/29/2026 01:59:52.362","12.427033920141838053"
"09/29/2026 01:59:53.368","8.3138243776864957368"
"09/29/2026 01:59:54.375","10.429010467483490032"
"09/29/2026 01:59:55.381","7.3281039127415130707"
"09/29/2026 01:59:56.386","7.9544517260190623631"
"09/29/2026 01:59:57.394","10.417173811434675912"
"09/29/2026 01:59:58.401","5.8697367845233721084"
"09/29/2026 01:59:59.407","6.693874597762350831"
"09/29/2026 02:00:00.414","11.959322750645629441"
"09/29/2026 02:00:01.428","8.9283754994221702361"
"09/29/2026 02:00:02.445","8.6032448606839562188"
"09/29/2026 02:00:03.454","7.7942315651596150161"
"09/29/2026 02:00:04.462","8.1420088515335553581"
"09/29/2026 02:00:05.471","7.1738549747369928511"
"09/29/2026 02:00:06.475","8.982313604988945599"
"09/29/2026 02:00:07.482","7.9634257517803286319"
"09/29/2026 02:00:08.493","10.81865419443035492"
"09/29/2026 02:00:09.497","9.9236803941816660313"
"09/29/2026 02:00:10.504","5.8834557929325237424"
"09/29/2026 02:00:11.509","11.928176755462638781"
"09/29/2026 02:00:12.516","5.4896327152253565629"
"09/29/2026 02:00:13.523","5.8548449832252931202"
"09/29/2026 02:00:14.528","10.517630867758088087"
"09/29/2026 02:00:15.536","6.3924803052047511898"
"09/29/2026 02:00:16.541","4.8311389166156182284"
"09/29/2026 02:00:17.545","13.151289989145853454"
"09/29/2026 02:00:18.555","7.63217009714266581"
"09/29/2026 02:00:19.563","6.7006096385993867415"
"09/29/2026 02:00:20.574","8.2556644315519118749"
"09/29/2026 02:00:21.580","7.1658293206185996738"
"09/29/2026 02:00:22.589","8.9240159632252513688"
"09/29/2026 02:00:23.598","11.758428983480884611"
"09/29/2026 02:00:24.602","8.4975109579948480132"
"09/29/2026 02:00:25.607","6.7173275325275394465"
"09/29/2026 02:00:26.609","8.1932604332508809364"
"09/29/2026 02:00:27.615","8.0665651466892089871"
"09/29/2026 02:00:28.620","8.8313116097253558934"
"09/29/2026 02:00:29.625","7.6166604290678563416"
"09/29/2026 02:00:30.632","9.0330969856408867003"
"09/29/2026 02:00:31.640","8.879047005125384473"
"09/29/2026 02:00:32.644","5.3825264412971858263"
"09/29/2026 02:00:33.655","8.3727965706668516788"
"09/29/2026 02:00:34.659","11.043562730263856153"
"09/29/2026 02:00:35.664","6.3559263405710826333"
"09/29/2026 02:00:36.667","11.817018781074050793"
"09/29/2026 02:00:37.682","3.3213739234115302601"
"09/29/2026 02:00:38.684","8.8004719701851854552"
"09/29/2026 02:00:39.693","5.7973546731765024376"
"09/29/2026 02:00:40.702","13.338407389342677334"
"09/29/2026 02:00:41.709","8.644040564986655184"
"09/29/2026 02:00:42.717","9.692891059071428117"
"09/29/2026 02:00:43.728","8.1170492061214183366"
"09/29/2026 02:00:44.733","7.116063366864199935"
"09/29/2026 02:00:45.738","8.3874158061935766284"
"09/29/2026 02:00:46.743","10.060623504900679137"
"09/29/2026 02:00:47.750","9.1822760962137035534"
"09/29/2026 02:00:48.757","8.2018365804995667645"
"09/29/2026 02:00:49.763","7.5240389776556000356"
"09/29/2026 02:00:50.771","9.2347721411169310102"
"09/29/2026 02:00:51.778","9.3715726163977493002"
"09/29/2026 02:00:52.785","9.3848275741482467538"
"09/29/2026 02:00:53.788","9.2480642631745162419"
"09/29/2026 02:00:54.796","9.1541862147212054168"
"09/29/2026 02:00:55.801","7.4267574257524282544"
"09/29/2026 02:00:56.803","9.2500283623221051243"
"09/29/2026 02:00:57.808","6.621612044788927065"
"09/29/2026 02:00:58.811","7.5152142647582635959"
"09/29/2026 02:00:59.817","8.1047381050363132005"
"09/29/2026 02:01:00.821","7.4185803728702648385"
"09/29/2026 02:01:01.824","9.897068281875775142"
"09/29/2026 02:01:02.834","9.510447181574200215"
"09/29/2026 02:01:03.843","10.089249748512029825"
"09/29/2026 02:01:04.849","4.7675486748809721149"
"09/29/2026 02:01:05.857","6.07477289268072429"
"09/29/2026 02:01:06.868","12.839650614266851392"
"09/29/2026 02:01:07.871","8.331053870945659412"
"09/29/2026 02:01:08.878","6.3556128566727210227"
"09/29/2026 02:01:09.887","9.1796223959237028822"
"09/29/2026 02:01:10.893","9.5260875780055602746"
"09/29/2026 02:01:11.897","7.2362880549693420207"
"09/29/2026 02:01:12.900","8.4322820185053330988"
"09/29/2026 02:01:13.911","13.539694598548413396"
"09/29/2026 02:01:14.919","5.2168798271522760501"
"09/29/2026 02:01:15.930","7.791622839356904251"
"09/29/2026 02:01:16.939","12.916596060035978155"
"09/29/2026 02:01:17.949","4.5898922506753763173"
"09/29/2026 02:01:18.955","10.140665170032770348"
"09/29/2026 02:01:19.963","9.0301409265309615648"
"09/29/2026 02:01:20.972","7.7407567285593392725"
"09/29/2026 02:01:21.984","10.009781542260409282"
"09/29/2026 02:01:22.993","9.9859965658457010562"
"09/29/2026 02:01:24.002","8.5795364850521078637"
"09/29/2026 02:01:25.011","8.2362220704172539598"
"09/29/2026 02:01:26.017","6.472303757326358209"
"09/29/2026 02:01:27.026","8.2502426839281550741"
"09/29/2026 02:01:28.034","6.5839423098677407609"
"09/29/2026 02:01:29.042","7.446482080667382597"
"09/29/2026 02:01:30.046","9.8382193424932253834"
"09/29/2026 02:01:31.052","4.894173185687533234"
"09/29/2026 02:01:32.055","9.7558192662968608033"
"09/29/2026 02:01:33.068","8.1029713822191151706"
"09/29/2026 02:01:34.080","8.983630917095453583"
"09/29/2026 02:01:35.083","10.55046136831754211"
"09/29/2026 02:01:36.086","7.7845868030106402102"
"09/29/2026 02:01:37.088","8.6409774935121035355"
"09/29/2026 02:01:38.103","8.8693050592778437391"
"09/29/2026 02:01:39.117","8.9254664898666735695"
"09/29/2026 02:01:40.121","6.5952426640650818612"
"09/29/2026 02:01:41.127","8.1476871375254269481"
"09/29/2026 02:01:42.128","7.3430860692678905366"
"09/29/2026 02:01:43.142","9.943344137376675107"
"09/29/2026 02:01:44.144","11.164876237065380238"
"09/29/2026 02:01:45.149","12.997653422423738334"
"09/29/2026 02:01:46.154","11.915854866569430826"
"09/29/2026 02:01:47.160","8.3412015259143661439"
"09/29/2026 02:01:48.169","8.9434335416375141392"
"09/29/2026 02:01:49.173","9.4898772417049581662"
"09/29/2026 02:01:50.184","6.1002568738510731805"
"09/29/2026 02:01:51.187","6.8781203661103411662"
"09/29/2026 02:01:52.195","10.416071627872369731"
"09/29/2026 02:01:53.204","11.019516812690334007"
"09/29/2026 02:01:54.210","8.2396190162887137376"
"09/29/2026 02:01:55.218","12.336721036015262598"
"09/29/2026 02:01:56.225","5.1517834674109312942"
"09/29/2026 02:01:57.236","10.173248288366609771"
"09/29/2026 02:01:58.240","6.5220542959536498273"
"09/29/2026 02:01:59.246","12.715589701644658405"
"09/29/2026 02:02:00.252","8.5909276136597050311"
"09/29/2026 02:02:01.260","7.599706340447975883"
"09/29/2026 02:02:02.271","7.0353186448071198811"
"09/29/2026 02:02:03.280","8.9083962496383293228"
"09/29/2026 02:02:04.290","9.7983839699900769915"
"09/29/2026 02:02:05.295","6.7990737697285581476"
"09/29/2026 02:02:06.302","9.6901257973063472662"
"09/29/2026 02:02:07.310","8.6044153225546597952"
"09/29/2026 02:02:08.321","7.7340404843634917853"
"09/29/2026 02:02:09.331","7.9862241737899015703"
"09/29/2026 02:02:10.336","8.5773515371880382219"
"09/29/2026 02:02:11.340","6.6755569962135279383"
"09/29/2026 02:02:12.348","9.8744220303369480973"
"09/29/2026 02:02:13.354","9.7892210719089263193"
"09/29/2026 02:02:14.363","9.2079869840566601624"
"09/29/2026 02:02:15.366","10.372798679190076143"
"09/29/2026 02:02:16.373","10.195494777272063658"
"09/29/2026 02:02:17.381","9.5050380400348526422"
"09/29/2026 02:02:18.389","7.482607794092233533"
"09/29/2026 02:02:19.398","7.2428882421923130863"
"09/29/2026 02:02:20.404","7.6527973045616315417"
"09/29/2026 02:02:21.413","10.915746709850493446"
"09/29/2026 02:02:22.416","8.9517440298049208991"
"09/29/2026 02:02:23.423","7.8982214303966902236"
"09/29/2026 02:02:24.434","8.2107609369298621971"
"09/29/2026 02:02:25.449","8.2805111128625430439"
"09/29/2026 02:02:26.457","8.57704276447354097"
"09/29/2026 02:02:27.468","9.3868204400045165414"
"09/29/2026 02:02:28.481","6.7373400169532304815"
"09/29/2026 02:02:29.490","9.2876795735384867214"
"09/29/2026 02:02:30.498","7.4547633816182017341"
"09/29/2026 02:02:31.506","7.6130569315343565862"
"09/29/2026 02:02:32.511","10.079787705118848251"
"09/29/2026 02:02:33.516","6.7719639904647248585"
"09/29/2026 02:02:34.524","10.153989446058453439"
"09/29/2026 02:02:35.532","6.2514675167463114036"
"09/29/2026 02:02:36.535","7.8943813212576818827"
"09/29/2026 02:02:37.544","9.5043223277037398589"
"09/29/2026 02:02:38.553","11.598413478101775809"
"09/29/2026 02:02:39.558","10.150280739701278421"
"09/29/2026 02:02:40.562","7.7262065866888773868"
"09/29/2026 02:02:41.578","8.6670921196975729828"
"09/29/2026 02:02:42.594","8.3043540738611874019"
"09/29/2026 02:02:43.610","7.4687020508470087776"
"09/29/2026 02:02:44.613","7.0456502396315512371"
"09/29/2026 02:02:45.615","10.143141737185334961"
"09/29/2026 02:02:46.615","12.638308428808652906"
"09/29/2026 02:02:47.625","6.9649206607180325079"
"09/29/2026 02:02:48.629","12.460771218252808978"
"09/29/2026 02:02:49.634","7.8738281395666849249"
"09/29/2026 02:02:50.645","7.8302670787543942055"
"09/29/2026 02:02:51.650","12.507734031289452048"
"09/29/2026 02:02:52.663","7.0834283975967800018"
"09/29/2026 02:02:53.675","15.292846706098185194"
"09/29/2026 02:02:54.681","13.377031118276160981"
"09/29/2026 02:02:55.684","10.305957168867397655"
"09/29/2026 02:02:56.689","7.5459639771789817075"
"09/29/2026 02:02:57.699","10.885972542162637211"
"09/29/2026 02:02:58.708","6.4165200247782934184"
"09/29/2026 02:02:59.714","10.824651065887158197"
"09/29/2026 02:03:00.725","5.2428665171157629032"
"09/29/2026 02:03:01.729","10.58597252125283994"
"09/29/2026 02:03:02.735","8.3098449183175659982"
"09/29/2026 02:03:03.739","9.8687256362908097884"
"09/29/2026 02:03:04.743","7.392548710461010586"
"09/29/2026 02:03:05.743","8.7527393859976534429"
"09/29/2026 02:03:06.759","6.9681535720636951226"
"09/29/2026 02:03:07.761","8.2872343906758683119"
"09/29/2026 02:03:08.768","9.9683803984697672007"
"09/29/2026 02:03:09.780","9.1987062330097231211"
"09/29/2026 02:03:10.787","7.5456014722195323685"
"09/29/2026 02:03:11.802","7.1752424825387794982"
"09/29/2026 02:03:12.804","6.9828625647835762535"
"09/29/2026 02:03:13.819","7.643802785876663286"
"09/29/2026 02:03:14.833","7.3380944565391459378"
"09/29/2026 02:03:15.847","12.369089361111317515"
"09/29/2026 02:03:16.855","6.6563801484098350514"
"09/29/2026 02:03:17.861","10.510370529099544612"
"09/29/2026 02:03:18.868","7.0322486210712575883"
"09/29/2026 02:03:19.875","8.0818888056201299008"
"09/29/2026 02:03:20.885","12.307986686198745474"
"09/29/2026 02:03:21.894","8.0948977867314031442"
"09/29/2026 02:03:22.903","8.2133687362687659572"
"09/29/2026 02:03:23.913","7.7161891299836522506"
"09/29/2026 02:03:24.919","7.4940352876311289165"
"09/29/2026 02:03:25.923","8.4682903729051961506"
"09/29/2026 02:03:26.929","12.273471159815141363"
"09/29/2026 02:03:27.934","4.5175578331021366552"
"09/29/2026 02:03:28.941","7.9437504437318224859"
"09/29/2026 02:03:29.946","8.8378588688942656404"
"09/29/2026 02:03:30.964","5.9998480476332378686"
"09/29/2026 02:03:31.975","14.028418339898230727"
"09/29/2026 02:03:32.981","0"
"09/29/2026 02:03:33.984","10.838153918778136386"
"09/29/2026 02:03:35.000","2.9546023350116024098"
"09/29/2026 02:03:36.012","8.5388020684523890935"
"09/29/2026 02:03:37.027","4.6130350496468963684"
"09/29/2026 02:03:38.033","6.2741409888892203384"
"09/29/2026 02:03:39.044","0.57345845885597990232"
"09/29/2026 02:03:40.059","2.7992249378940847748"
"09/29/2026 02:03:41.073","2.477718725697886093"
"09/29/2026 02:03:42.083","4.503351767567997932"
"09/29/2026 02:03:43.096","7.9255267614374851348"
"09/29/2026 02:03:44.109","2.9820111591033260368"
"09/29/2026 02:03:45.125","3.0900564669931962491"
"09/29/2026 02:03:46.129","7.9673068441649892435"
"09/29/2026 02:03:47.141","9.559328223313512396"
"09/29/2026 02:03:48.153","0"
"09/29/2026 02:03:49.169","4.3675303300854118049"
"09/29/2026 02:03:50.179","4.512629444202254092"
"09/29/2026 02:03:51.192","1.5270582173740554488"
"09/29/2026 02:03:52.196","9.2175267376561009769"
"09/29/2026 02:03:53.211","9.4942843512822889807"
"09/29/2026 02:03:54.212","10.811077437258266087"
"09/29/2026 02:03:55.227","2.7641282906095687721"
"09/29/2026 02:03:56.240","4.1248409699212507107"
"09/29/2026 02:03:57.255","5.3729876173338020351"
"09/29/2026 02:03:58.259","0.87523591408799061853"
"09/29/2026 02:03:59.274","3.910175317378794535"
"09/29/2026 02:04:00.277","2.9575249678355453042"
"09/29/2026 02:04:01.287","3.2760193267125981009"
"09/29/2026 02:04:02.300","7.9196437524822744791"
"09/29/2026 02:04:03.301","5.5994772434203703426"
"09/29/2026 02:04:04.302","4.7214420609776102111"
"09/29/2026 02:04:05.315","5.2691358960660350519"
"09/29/2026 02:04:06.323","3.0946694067669588968"
"09/29/2026 02:04:07.325","4.9463383731278902644"
"09/29/2026 02:04:08.337","0.80164878104079795307"
"09/29/2026 02:04:09.349","3.4924599477341056186"
"09/29/2026 02:04:10.363","6.3611692588157016104"
"09/29/2026 02:04:11.364","6.3434037234665900939"
"09/29/2026 02:04:12.377","4.6619708032008100318"
"09/29/2026 02:04:13.391","2.1472065003003582007"
"09/29/2026 02:04:14.404","3.443294389251816412"
"09/29/2026 02:04:15.415","3.9009505884736617176"
"09/29/2026 02:04:16.425","5.5918022560741746929"
"09/29/2026 02:04:17.440","5.0586802614256409782"
"09/29/2026 02:04:18.455","2.3279086520299530072"
"09/29/2026 02:04:19.470","2.0651410158440297593"
"09/29/2026 02:04:20.480","2.6268277222645575186"
"09/29/2026 02:04:21.496","5.0714780163785944112"
"09/29/2026 02:04:22.508","4.2240660546985386858"
"09/29/2026 02:04:23.524","4.0283669952936307368"
"09/29/2026 02:04:24.525","3.5301055476995579774"
"09/29/2026 02:04:25.541","6.8251068523709097491"
"09/29/2026 02:04:26.544","10.52985306662627174"
"09/29/2026 02:04:27.556","0"
"09/29/2026 02:04:28.558","8.6570956143930963833"
"09/29/2026 02:04:29.561","4.8581380815722603472"
"09/29/2026 02:04:30.572","4.8901706951416930025"
"09/29/2026 02:04:31.585","1.2381805973827542111"
"09/29/2026 02:04:32.597","3.6660138699452171629"
"09/29/2026 02:04:33.600","12.192017008748523565"
"09/29/2026 02:04:34.609","7.5496960754729673937"
"09/29/2026 02:04:35.616","9.8406979071824824956"
"09/29/2026 02:04:36.620","6.1959483296575745825"
"09/29/2026 02:04:37.622","13.633893136872554663"
"09/29/2026 02:04:38.637","22.750736940283811549"
"09/29/2026 02:04:39.640","17.966744754024823294"
"09/29/2026 02:04:40.648","14.380912594468265198"
"09/29/2026 02:04:41.653","8.063129482147591176"
"09/29/2026 02:04:42.660","12.671390730674591651"
"09/29/2026 02:04:43.668","8.9908427088913995817"
"09/29/2026 02:04:44.676","7.3472984731781210144"
"09/29/2026 02:04:45.684","8.0687043398513189629"
"09/29/2026 02:04:46.688","8.3157913817095483466"
"09/29/2026 02:04:47.704","7.8367528592676372057"
"09/29/2026 02:04:48.709","8.2553676979668537683"
"09/29/2026 02:04:49.714","7.3061757703171803513"
"09/29/2026 02:04:50.722","10.162920160679188797"
"09/29/2026 02:04:51.731","12.305252028534429343"
"09/29/2026 02:04:52.737","10.068709213538573621"
"09/29/2026 02:04:53.741","8.160557284886749585"
"09/29/2026 02:04:54.746","13.220118122895197388"
"09/29/2026 02:04:55.754","11.933424425879934461"
"09/29/2026 02:04:56.761","11.367236347650088391"
"09/29/2026 02:04:57.767","8.1078401885500746005"
"09/29/2026 02:04:58.772","8.3809787500512591407"
"09/29/2026 02:04:59.779","8.4379602932369017765"
"09/29/2026 02:05:00.784","13.286028367848290443"
"09/29/2026 02:05:01.789","8.0819690647356168256"
"09/29/2026 02:05:02.797","9.9181607565288700812"
"09/29/2026 02:05:03.806","8.6983903879051975849"
"09/29/2026 02:05:04.813","6.8166551232608281197"
"09/29/2026 02:05:05.821","7.2694229083766215282"
"09/29/2026 02:05:06.831","7.8960947109227515028"
"09/29/2026 02:05:07.840","9.7696278596260288651"
"09/29/2026 02:05:08.848","7.0330697501871934918"
"09/29/2026 02:05:09.849","10.725082393116158741"
"09/29/2026 02:05:10.859","7.7241869761674131212"
"09/29/2026 02:05:11.865","8.004157683939505219"
"09/29/2026 02:05:12.873","8.7829082337625088428"
"09/29/2026 02:05:13.886","7.1208837600220231678"
"09/29/2026 02:05:14.890","8.3855181856243081739"
"09/29/2026 02:05:15.894","7.110329537632931185"
"09/29/2026 02:05:16.898","9.4008958053502063024"
"09/29/2026 02:05:17.900","9.6459716535873045729"
"09/29/2026 02:05:18.904","7.3287617432993172883"
"09/29/2026 02:05:19.915","6.6504401076712067464"
"09/29/2026 02:05:20.925","8.5194353648273217772"
"09/29/2026 02:05:21.934","7.8490018528486027449"
"09/29/2026 02:05:22.939","8.5478081265656697951"
"09/29/2026 02:05:23.946","7.6338739617431645712"
"09/29/2026 02:05:24.960","10.307241551720224493"
"09/29/2026 02:05:25.966","7.2092404982841635785"
"09/29/2026 02:05:26.970","10.438194472855366612"
"09/29/2026 02:05:27.975","4.4477734018185337561"
"09/29/2026 02:05:28.977","13.15698001451436383"
"09/29/2026 02:05:29.985","9.8939426950449220755"
"09/29/2026 02:05:30.993","13.400932681607024222"
"09/29/2026 02:05:31.998","9.786936678842284465"
"09/29/2026 02:05:33.009","9.1774920300037088339"
"09/29/2026 02:05:34.015","8.72360372033220699"
"09/29/2026 02:05:35.017","8.8565219751403194692"
"09/29/2026 02:05:36.026","6.1965145801626375643"
"09/29/2026 02:05:37.033","8.5322892862050636609"
"09/29/2026 02:05:38.036","8.8874058908139037527"
"09/29/2026 02:05:39.044","7.418707789442724021"
"09/29/2026 02:05:40.052","8.8924271462581199188"
"09/29/2026 02:05:41.059","9.0616985019758349296"
"09/29/2026 02:05:42.068","9.0204989355134550522"
"09/29/2026 02:05:43.076","8.5984966464116574514"
"09/29/2026 02:05:44.085","8.057081191307046808"
"09/29/2026 02:05:45.088","7.9403829037016819825"
"09/29/2026 02:05:46.093","5.7122457793673975246"
"09/29/2026 02:05:47.102","8.1106977290018598126"
"09/29/2026 02:05:48.106","8.0163988290817833615"
"09/29/2026 02:05:49.114","9.3363972361746210282"
"09/29/2026 02:05:50.124","7.7610779404726493169"
"09/29/2026 02:05:51.131","7.3171307988728617744"
"09/29/2026 02:05:52.136","7.3407107441501695533"
"09/29/2026 02:05:53.147","7.1545708766653888233"
"09/29/2026 02:05:54.158","7.7403680205456844021"
"09/29/2026 02:05:55.165","11.461440584672322629"
"09/29/2026 02:05:56.173","11.869114821519310965"
"09/29/2026 02:05:57.185","11.242400793986217167"
"09/29/2026 02:05:58.194","7.4606771311055535278"
"09/29/2026 02:05:59.201","13.034465183240662611"
"09/29/2026 02:06:00.206","9.6715375110983163864"
"09/29/2026 02:06:01.220","13.402822565048222003"
"09/29/2026 02:06:02.229","7.7044777822776522314"
"09/29/2026 02:06:03.237","7.0090180067319707291"
"09/29/2026 02:06:04.247","8.6472219883041425703"
"09/29/2026 02:06:05.255","8.4530976064809202342"
"09/29/2026 02:06:06.269","9.1784471021558182713"
"09/29/2026 02:06:07.277","7.8678738639356593509"
"09/29/2026 02:06:08.283","8.5016360558257790814"
"09/29/2026 02:06:09.292","8.1106704057406719954"
"09/29/2026 02:06:10.297","7.6296116024763271923"
"09/29/2026 02:06:11.306","9.0685179733168368443"
"09/29/2026 02:06:12.311","10.420875059096578852"
"09/29/2026 02:06:13.318","6.4799496571090404728"
"09/29/2026 02:06:14.326","9.7296669594604701103"
"09/29/2026 02:06:15.329","6.5652435300214246894"
"09/29/2026 02:06:16.337","8.5698343481275927047"
"09/29/2026 02:06:17.343","7.9381314934321212107"
"09/29/2026 02:06:18.347","7.8744141512867678045"
"09/29/2026 02:06:19.357","7.7253842486884716223"
"09/29/2026 02:06:20.368","7.74016715971969127"
"09/29/2026 02:06:21.377","5.7417103866150842606"
"09/29/2026 02:06:22.388","8.3145372071389278545"
"09/29/2026 02:06:23.392","9.3153237260617416382"
"09/29/2026 02:06:24.400","5.412254964915474531"
"09/29/2026 02:06:25.405","8.0637602844184428363"
"09/29/2026 02:06:26.413","8.7909178943357915159"
"09/29/2026 02:06:27.423","7.3621560057950503619"
"09/29/2026 02:06:28.426","9.547473560692843364"
"09/29/2026 02:06:29.431","8.5463026283352121482"
"09/29/2026 02:06:30.439","7.615241629236580323"
"09/29/2026 02:06:31.444","8.910950739745294058"
"09/29/2026 02:06:32.447","9.3750952826494362569"
"09/29/2026 02:06:33.455","13.671779425554731802"
"09/29/2026 02:06:34.462","7.0186885551557720575"
"09/29/2026 02:06:35.472","9.774515059139254447"
"09/29/2026 02:06:36.476","4.7464329220831764644"
"09/29/2026 02:06:37.484","9.3666081225565189783"
"09/29/2026 02:06:38.492","8.358203236211004139"
"09/29/2026 02:06:39.499","7.7765166345171055085"
"09/29/2026 02:06:40.504","9.4718199327540766319"
"09/29/2026 02:06:41.508","9.8570469600103844954"
"09/29/2026 02:06:42.513","7.5989872754532727939"
"09/29/2026 02:06:43.521","4.5551851128864839779"
"09/29/2026 02:06:44.526","9.5524726588693482654"
"09/29/2026 02:06:45.534","8.0156329607821596994"
"09/29/2026 02:06:46.538","7.8881631055935823582"
"09/29/2026 02:06:47.543","8.068998564438544463"
"09/29/2026 02:06:48.550","8.5634200677816014746"
"09/29/2026 02:06:49.555","8.4894574386630843321"
"09/29/2026 02:06:50.563","8.4777384945870402078"
"09/29/2026 02:06:51.567","6.7442041512747463727"
"09/29/2026 02:06:52.581","9.1823687447183832688"
"09/29/2026 02:06:53.588","9.080239642528686872"
"09/29/2026 02:06:54.596","6.1853784782167187117"
"09/29/2026 02:06:55.600","11.827746473375144731"
"09/29/2026 02:06:56.611","11.480500109464951919"
"09/29/2026 02:06:57.620","10.878386857532673204"
"09/29/2026 02:06:58.634","8.3264234567605459603"
"09/29/2026 02:06:59.646","8.6565776683693922422"
"09/29/2026 02:07:00.656","6.5077586778528040412"
"09/29/2026 02:07:01.662","10.829455116016529104"
"09/29/2026 02:07:02.675","4.4068105559252446213"
"09/29/2026 02:07:03.682","9.3798129990591334604"
"09/29/2026 02:07:04.689","10.299579850868202158"
"09/29/2026 02:07:05.693","11.391917332814816888"
"09/29/2026 02:07:06.709","7.7698371358401079334"
"09/29/2026 02:07:07.724","6.2942165109126317901"
"09/29/2026 02:07:08.730","8.5213437326878143097"
"09/29/2026 02:07:09.742","7.7314282817107837786"
"09/29/2026 02:07:10.757","13.790003285832440838"
"09/29/2026 02:07:11.772","9.5527120726219933999"
"09/29/2026 02:07:12.773","6.7294630212833776994"
"09/29/2026 02:07:13.783","9.4420784970552844584"
"09/29/2026 02:07:14.799","3.4788051171039890974"
"09/29/2026 02:07:15.815","8.0798513435584968789"
"09/29/2026 02:07:16.829","0.53223503426566010077"
"09/29/2026 02:07:17.834","3.584640941240824219"
"09/29/2026 02:07:18.844","10.57250957364925803"
"09/29/2026 02:07:19.854","7.1888681288949101145"
"09/29/2026 02:07:20.863","9.593111742099292627"
"09/29/2026 02:07:21.871","7.8108018594762684828"
"09/29/2026 02:07:22.877","8.9172020755785457169"
"09/29/2026 02:07:23.883","6.5758074657332743485"
"09/29/2026 02:07:24.888","5.752997025236483708"
"09/29/2026 02:07:25.890","11.165318486128960274"
"09/29/2026 02:07:26.893","7.06758334176231795"
"09/29/2026 02:07:27.901","6.331261966875989522"
"09/29/2026 02:07:28.906","6.6726329815430807102"
"09/29/2026 02:07:29.916","9.150255837814036397"
"09/29/2026 02:07:30.923","11.923063284432643627"
"09/29/2026 02:07:31.929","8.6226180543088837283"
"09/29/2026 02:07:32.940","8.1697106617888870517"
"09/29/2026 02:07:33.950","7.4264141205094276188"
"09/29/2026 02:07:34.956","8.8474948207142745105"
"09/29/2026 02:07:35.960","8.1067843663432341828"
"09/29/2026 02:07:36.964","8.6130006918968433638"
"09/29/2026 02:07:37.972","12.735007636252648311"
"09/29/2026 02:07:38.978","11.061197405025991358"
"09/29/2026 02:07:39.982","6.5623600341699672711"
"09/29/2026 02:07:40.988","10.852502038307765275"
"09/29/2026 02:07:41.995","6.8115072629868711473"
"09/29/2026 02:07:42.998","6.0967885858916881503"
"09/29/2026 02:07:44.005","8.4529994347546821842"
"09/29/2026 02:07:45.012","8.4380785161540785566"
"09/29/2026 02:07:46.019","8.1450531817944149537"
"09/29/2026 02:07:47.024","11.757178692201886605"
"09/29/2026 02:07:48.030","8.9424693512746511459"
"09/29/2026 02:07:49.035","6.597253784267831378"
"09/29/2026 02:07:50.039","9.1785387544056078468"
"09/29/2026 02:07:51.049","6.7221421630473070508"
"09/29/2026 02:07:52.052","13.490954633511186955"
"09/29/2026 02:07:53.060","10.058162126008884485"
"09/29/2026 02:07:54.071","11.996532596708043172"
"09/29/2026 02:07:55.072","11.964752760693864175"
"09/29/2026 02:07:56.073","8.192269188136725333"
"09/29/2026 02:07:57.085","12.101675569935732568"
"09/29/2026 02:07:58.093","8.6582078217758873251"
"09/29/2026 02:07:59.098","8.6553400082213016731"
"09/29/2026 02:08:00.107","8.0106769893428459994"
"09/29/2026 02:08:01.114","7.5341679906688607815"
"09/29/2026 02:08:02.121","8.0025461274583093996"
"09/29/2026 02:08:03.131","9.2915104340218430679"
"09/29/2026 02:08:04.139","6.1778205037607776262"
"09/29/2026 02:08:05.148","11.022384799644813214"
"09/29/2026 02:08:06.158","8.9715167750038737893"
"09/29/2026 02:08:07.166","6.7098082672344734334"
"09/29/2026 02:08:08.171","7.714234897109717437"
"09/29/2026 02:08:09.174","8.8591975870277792637"
"09/29/2026 02:08:10.180","12.97269749627920632"
"09/29/2026 02:08:11.184","10.218782378802337973"
"09/29/2026 02:08:12.193","10.427287965122488345"
"09/29/2026 02:08:13.201","7.0402518117175123535"
"09/29/2026 02:08:14.210","9.4316156823519019525"
"09/29/2026 02:08:15.218","9.77901589953477135"
"09/29/2026 02:08:16.227","5.7315746215796821161"
"09/29/2026 02:08:17.237","8.2837461773851650548"
"09/29/2026 02:08:18.244","7.0634977518290060772"
"09/29/2026 02:08:19.253","10.071549015612269784"
"09/29/2026 02:08:20.264","5.1306552175278685723"
"09/29/2026 02:08:21.272","6.0128971948531839686"
"09/29/2026 02:08:22.279","12.285970315759076499"
"09/29/2026 02:08:23.282","6.5713571599127611478"
"09/29/2026 02:08:24.290","12.629901950330745919"
"09/29/2026 02:08:25.303","11.238317048358570815"
"09/29/2026 02:08:26.309","11.15686383839275031"
"09/29/2026 02:08:27.318","11.793893091970064191"
"09/29/2026 02:08:28.322","6.7657468048065609878"
"09/29/2026 02:08:29.330","7.3732145091258693981"
"09/29/2026 02:08:30.340","9.3258641291011361574"
"09/29/2026 02:08:31.348","7.9950022056389897784"
"09/29/2026 02:08:32.357","8.5540261792385496875"
"09/29/2026 02:08:33.362","6.6137855285814399764"
"09/29/2026 02:08:34.369","10.525337932442502265"
"09/29/2026 02:08:35.381","6.1910320719116729293"
"09/29/2026 02:08:36.385","6.9455139420151574825"
"09/29/2026 02:08:37.390","6.8735103284392256029"
"09/29/2026 02:08:38.398","11.668145765486205079"
"09/29/2026 02:08:39.406","8.2034338395689303525"
"09/29/2026 02:08:40.416","8.3046976961566709718"
"09/29/2026 02:08:41.423","9.6783983444875048008"
"09/29/2026 02:08:42.435","12.020880331048445555"
"09/29/2026 02:08:43.443","7.4626118055202912416"
"09/29/2026 02:08:44.449","6.7858138935723122387"
"09/29/2026 02:08:45.456","7.1580014149229098663"
"09/29/2026 02:08:46.465","9.3940811418657848009"
"09/29/2026 02:08:47.473","10.038591476529401092"
"09/29/2026 02:08:48.482","4.7675603350626705179"
"09/29/2026 02:08:49.488","10.277534150127120682"
"09/29/2026 02:08:50.492","7.0117917321220630811"
"09/29/2026 02:08:51.501","5.5816128807457676686"
"09/29/2026 02:08:52.508","8.7938107420028508443"
"09/29/2026 02:08:53.514","11.51494615875159333"
"09/29/2026 02:08:54.523","7.0197694897515265922"
"09/29/2026 02:08:55.529","9.3169906082184894558"
"09/29/2026 02:08:56.536","11.936209281291754181"
"09/29/2026 02:08:57.540","12.591966745263150074"
"09/29/2026 02:08:58.549","8.9501024643720441532"
"09/29/2026 02:08:59.556","8.9427366780572938865"
"09/29/2026 02:09:00.562","8.5213036068172431925"
"09/29/2026 02:09:01.567","7.658671247895476597"
"09/29/2026 02:09:02.576","10.537991751614782743"
"09/29/2026 02:09:03.581","9.6258760871700381756"
"09/29/2026 02:09:04.588","6.1936267419944730506"
"09/29/2026 02:09:05.592","6.6744910773347427835"
"09/29/2026 02:09:06.595","8.43180241664467367"
"09/29/2026 02:09:07.605","7.5052198593685170991"
"09/29/2026 02:09:08.613","8.2080072219930855226"
"09/29/2026 02:09:09.629","7.1902878730146335684"
"09/29/2026 02:09:10.635","10.012747105052788754"
"09/29/2026 02:09:11.640","9.271563823586170372"
"09/29/2026 02:09:12.646","7.8111754310042913474"
"09/29/2026 02:09:13.656","10.010125560316840421"
"09/29/2026 02:09:14.664","10.630820010073161797"
"09/29/2026 02:09:15.677","10.720656485317970663"
"09/29/2026 02:09:16.688","9.4489767513218687611"
"09/29/2026 02:09:17.700","7.9713879750177625283"
"09/29/2026 02:09:18.715","6.68667037713823742"
"09/29/2026 02:09:19.718","9.2945282899652976738"
"09/29/2026 02:09:20.731","6.7558863402335518344"
"09/29/2026 02:09:21.736","7.2994151142532714971"
"09/29/2026 02:09:22.751","6.1061700449399847201"
"09/29/2026 02:09:23.764","7.4636146932974050117"
"09/29/2026 02:09:24.768","7.2873430001758947583"
"09/29/2026 02:09:25.783","9.0723205288435142535"
"09/29/2026 02:09:26.787","9.3071542320648852353"
"09/29/2026 02:09:27.801","8.8104142132302101231"
"09/29/2026 02:09:28.816","5.873716267315998607"
"09/29/2026 02:09:29.828","8.5977952044049672509"
"09/29/2026 02:09:30.844","10.213168927638726302"
"09/29/2026 02:09:31.856","11.250197811733020359"
"09/29/2026 02:09:32.859","8.5153662036104531552"
"09/29/2026 02:09:33.874","6.4101752575937194223"
"09/29/2026 02:09:34.876","9.7339261778505594691"
"09/29/2026 02:09:35.880","8.0966777664807096926"
"09/29/2026 02:09:36.894","5.3783464420967597164"
"09/29/2026 02:09:37.906","7.4206280542161824343"
"09/29/2026 02:09:38.910","7.0506372005399553515"
"09/29/2026 02:09:39.926","8.3834056581111973117"
"09/29/2026 02:09:40.929","7.4737084760060241706"
"09/29/2026 02:09:41.933","9.9377998016891844202"
"09/29/2026 02:09:42.940","10.753381276554829782"
"09/29/2026 02:09:43.946","2.9816656496712057312"
"09/29/2026 02:09:44.961","6.910862449389886919"
"09/29/2026 02:09:45.967","4.2262667106004014883"
"09/29/2026 02:09:46.981","3.7267347105362058635"
"09/29/2026 02:09:47.986","10.825433645607240862"
"09/29/2026 02:09:48.997","4.0233240478413030417"
"09/29/2026 02:09:50.009","3.825375543133546774"
"09/29/2026 02:09:51.021","3.1907219695348820743"
"09/29/2026 02:09:52.035","1.9779897759951814429"
"09/29/2026 02:09:53.048","3.2202380670359076476"
"09/29/2026 02:09:54.062","3.7409785971934450544"
"09/29/2026 02:09:55.066","3.8002621296184480038"
"09/29/2026 02:09:56.082","3.5242644694988833898"
"09/29/2026 02:09:57.084","8.7065079811511232322"
"09/29/2026 02:09:58.089","3.13153131720288469"
"09/29/2026 02:09:59.093","6.4689321232770158332"
"09/29/2026 02:10:00.095","5.8405812463955042446"
"09/29/2026 02:10:01.107","2.2583577370533847173"
"09/29/2026 02:10:02.109","4.7264011106686769637"
"09/29/2026 02:10:03.118","3.8936129080229031629"
"09/29/2026 02:10:04.130","1.145423713911297714"
"09/29/2026 02:10:05.141","2.5116324612057594479"
"09/29/2026 02:10:06.155","1.8342229245815633298"
"09/29/2026 02:10:07.170","2.8247602904986957029"
"09/29/2026 02:10:08.185","3.6044177923391762519"
"09/29/2026 02:10:09.196","4.6277834169783593765"
"09/29/2026 02:10:10.209","4.8336304911143042062"
"09/29/2026 02:10:11.221","1.4402672640540958859"
"09/29/2026 02:10:12.236","4.5563493402146715283"
"09/29/2026 02:10:13.249","1.6175569481118423631"
"09/29/2026 02:10:14.263","1.5280294688862161578"
"09/29/2026 02:10:15.277","3.3828881249860609515"
"09/29/2026 02:10:16.292","4.2655101109164821338"
"09/29/2026 02:10:17.305","3.2783964286109190667"
"09/29/2026 02:10:18.312","7.8933017423491458331"
"09/29/2026 02:10:19.326","3.4645876406611320064"
"09/29/2026 02:10:20.340","1.0307368663465932279"
"09/29/2026 02:10:21.351","4.7969261716845013055"
"09/29/2026 02:10:22.363","3.6983047397432522452"
"09/29/2026 02:10:23.373","2.0196490185138027407"
"09/29/2026 02:10:24.382","7.0554758353159829909"
"09/29/2026 02:10:25.398","2.7250975498916196749"
"09/29/2026 02:10:26.409","2.4830835333859990754"
"09/29/2026 02:10:27.421","2.9130284569958919683"
"09/29/2026 02:10:28.436","3.7458045737840950373"
"09/29/2026 02:10:29.439","3.548268939653753673"
"09/29/2026 02:10:30.454","5.5388710913609635611"
"09/29/2026 02:10:31.455","0"
"09/29/2026 02:10:32.469","5.8785542274253588246"
"09/29/2026 02:10:33.471","4.1212293794853138706"
"09/29/2026 02:10:34.483","0.97813557800388029051"
"09/29/2026 02:10:35.484","2.067534705956497465"
"09/29/2026 02:10:36.498","3.8623803250202315418"
"09/29/2026 02:10:37.510","3.1411330606709531033"
"09/29/2026 02:10:38.511","7.8710094665986662932"
"09/29/2026 02:10:39.512","6.7479158480252650065"
"09/29/2026 02:10:40.521","11.680601979347194685"
"09/29/2026 02:10:41.537","2.5577157790516280578"
"09/29/2026 02:10:42.546","10.800479159885956193"
"09/29/2026 02:10:43.561","4.286726531181739297"
"09/29/2026 02:10:44.575","2.8706398428235635478"
"09/29/2026 02:10:45.587","8.4248928917993399779"
"09/29/2026 02:10:46.600","0"
"09/29/2026 02:10:47.603","10.166930263488893615"
"09/29/2026 02:10:48.611","8.3340270748717966143"
"09/29/2026 02:10:49.618","8.0230223283640498266"
"09/29/2026 02:10:50.620","14.204767077972535461"
"09/29/2026 02:10:51.626","8.3981290811583342304"
"09/29/2026 02:10:52.634","8.2565413218063774536"
"09/29/2026 02:10:53.637","5.7204105082303779994"
"09/29/2026 02:10:54.639","6.2238527919486035245"
"09/29/2026 02:10:55.653","8.8279117227552319491"
"09/29/2026 02:10:56.659","9.7460603806458934173"
"09/29/2026 02:10:57.665","14.002554773980424585"
"09/29/2026 02:10:58.675","11.548899427681003971"
"09/29/2026 02:10:59.684","10.932295402221425817"
"09/29/2026 02:11:00.689","9.0523897039618930194"
"09/29/2026 02:11:01.697","7.4029487570389962414"
"09/29/2026 02:11:02.703","7.3846942465339733275"
"09/29/2026 02:11:03.711","6.2447119693769810311"
"09/29/2026 02:11:04.713","8.0637249887602564513"
"09/29/2026 02:11:05.726","2.2258788332086720807"
"09/29/2026 02:11:06.736","4.485550135484183798"
"09/29/2026 02:11:07.749","1.8267613802390170186"
"09/29/2026 02:11:08.756","6.1500257331975731745"
"09/29/2026 02:11:09.759","9.9442199464030434086"
"09/29/2026 02:11:10.759","3.785382439365136964"
"09/29/2026 02:11:11.773","10.926768086982164618"
"09/29/2026 02:11:12.775","7.3686657299037561231"
"09/29/2026 02:11:13.789","5.801641383133071983"
"09/29/2026 02:11:14.803","4.3909779271032789438"
"09/29/2026 02:11:15.804","2.6137093271155875662"
"09/29/2026 02:11:16.820","5.2662212859280970179"
"09/29/2026 02:11:17.827","8.3456301707651174837"
"09/29/2026 02:11:18.831","10.352724453050388576"
"09/29/2026 02:11:19.839","12.024159658446231802"
"09/29/2026 02:11:20.848","6.801552831268143251"
"09/29/2026 02:11:21.851","11.093107876797670741"
"09/29/2026 02:11:22.857","11.546508748146289136"
"09/29/2026 02:11:23.868","5.5476537454942072003"
"09/29/2026 02:11:24.880","3.5991312993866930725"
"09/29/2026 02:11:25.895","0.099642029336932669281"
"09/29/2026 02:11:26.899","8.7945519326707568553"
"09/29/2026 02:11:27.910","6.7971789558456290337"
"09/29/2026 02:11:28.913","3.1671732171311139936"
"09/29/2026 02:11:29.918","11.341579228564512505"
"09/29/2026 02:11:30.924","7.8130792239095692153"
"09/29/2026 02:11:31.935","4.3391147920259882653"
"09/29/2026 02:11:32.945","5.0689328347652606865"
"09/29/2026 02:11:33.956","2.5950175260047059211"
"09/29/2026 02:11:34.966","10.570317896707814853"
"09/29/2026 02:11:35.978","9.3535557302559695358"
"09/29/2026 02:11:36.984","9.5267975544220497852"
"09/29/2026 02:11:37.992","9.0446143462995838291"
"09/29/2026 02:11:38.994","7.7645627767312426215"
"09/29/2026 02:11:40.002","6.9516002046338565279"
"09/29/2026 02:11:41.012","7.7140021268632397167"
"09/29/2026 02:11:42.021","8.7193259746080382655"
"09/29/2026 02:11:43.032","5.4129462133290839887"
"09/29/2026 02:11:44.040","9.590384539655138596"
"09/29/2026 02:11:45.051","6.8307617944548315592"
"09/29/2026 02:11:46.061","7.6472752639564323118"
"09/29/2026 02:11:47.070","10.114788957678634063"
"09/29/2026 02:11:48.075","6.3716490043551949896"
"09/29/2026 02:11:49.086","7.1559558576844821687"
"09/29/2026 02:11:50.098","8.2549055590752757894"
"09/29/2026 02:11:51.099","8.110893819951957795"
"09/29/2026 02:11:52.101","4.4194328854726627753"
"09/29/2026 02:11:53.114","4.9071509849005430226"
"09/29/2026 02:11:54.115","3.522957671543447411"
"09/29/2026 02:11:55.120","9.4001237720225621075"
"09/29/2026 02:11:56.129","6.9309536848662478548"
"09/29/2026 02:11:57.145","6.2192656604825753419"
"09/29/2026 02:11:58.150","7.6351064108146964315"
"09/29/2026 02:11:59.153","17.717682577669112476"
"09/29/2026 02:12:00.159","6.773429900480765653"
"09/29/2026 02:12:01.162","4.8912439208090514597"
"09/29/2026 02:12:02.175","1.5746929673378429193"
"09/29/2026 02:12:03.191","7.1796275500885409215"
"09/29/2026 02:12:04.192","3.2017674895672865176"
"09/29/2026 02:12:05.202","10.962073382996873505"
"09/29/2026 02:12:06.213","12.564486458597778906"
"09/29/2026 02:12:07.219","8.5248467138884347349"
"09/29/2026 02:12:08.222","8.4061285045006322036"
"09/29/2026 02:12:09.229","8.7098241697151514984"
"09/29/2026 02:12:10.242","4.989776601866480199"
"09/29/2026 02:12:11.254","1.7077288327981943183"
"09/29/2026 02:12:12.266","4.9162148171696724575"
"09/29/2026 02:12:13.271","3.287949775485121684"
"09/29/2026 02:12:14.286","10.248959613533582313"
"09/29/2026 02:12:15.286","3.4591604051437352396"
"09/29/2026 02:12:16.301","7.8447807131853615203"
"09/29/2026 02:12:17.316","5.118561228184493217"
"09/29/2026 02:12:18.331","5.3859996110160128779"
"09/29/2026 02:12:19.346","3.2369951995527723732"
"09/29/2026 02:12:20.361","2.129877130581492306"
"09/29/2026 02:12:21.374","11.73100140281594328"
"09/29/2026 02:12:22.381","8.9691041762160583772"
"09/29/2026 02:12:23.392","11.78904267069226286"
"09/29/2026 02:12:24.401","7.5435532450438991248"
"09/29/2026 02:12:25.410","9.844070877738243297"
"09/29/2026 02:12:26.419","6.5095965577718573059"
"09/29/2026 02:12:27.432","10.988684231609568087"
"09/29/2026 02:12:28.443","7.7414430124535975608"
"09/29/2026 02:12:29.448","9.3464189451279544585"
"09/29/2026 02:12:30.458","6.8012367018906889626"
"09/29/2026 02:12:31.463","9.8970311652578644157"
"09/29/2026 02:12:32.466","7.5599255516152101819"
"09/29/2026 02:12:33.479","9.807088184776658224"
"09/29/2026 02:12:34.493","8.7299502988599453346"
"09/29/2026 02:12:35.503","7.9875537563000253982"
"09/29/2026 02:12:36.503","6.1249719015510351028"
"09/29/2026 02:12:37.507","8.8279183415561401915"
"09/29/2026 02:12:38.511","10.322817667212124348"
"09/29/2026 02:12:39.526","5.1517139200404127308"
"09/29/2026 02:12:40.527","3.1621220639492908511"
"09/29/2026 02:12:41.540","3.0656195803083541307"
"09/29/2026 02:12:42.554","5.0398738154034177228"
"09/29/2026 02:12:43.556","6.6967715310466751077"
"09/29/2026 02:12:44.561","9.1201027425507277258"
"09/29/2026 02:12:45.568","8.8792583572338994458"
"09/29/2026 02:12:46.572","4.3181870039294523167"
"09/29/2026 02:12:47.582","4.6077841827443677403"
"09/29/2026 02:12:48.597","4.7285261797459394728"
"09/29/2026 02:12:49.606","2.6760327001602024488"
"09/29/2026 02:12:50.611","9.0066867548378670705"
"09/29/2026 02:12:51.612","6.734137252774208271"
"09/29/2026 02:12:52.616","11.204760581144778797"
"09/29/2026 02:12:53.628","9.1450708479376530136"
"09/29/2026 02:12:54.636","10.021932439830639083"
"09/29/2026 02:12:55.640","6.6111354555537626965"
"09/29/2026 02:12:56.643","5.7674295552815779686"
"09/29/2026 02:12:57.651","4.3243905572895924294"
"09/29/2026 02:12:58.662","5.3599924579107565137"
"09/29/2026 02:12:59.671","8.8053527871995491694"
"09/29/2026 02:13:00.676","11.806127254034780805"
"09/29/2026 02:13:01.680","2.6570415480942521924"
"09/29/2026 02:13:02.693","5.8601129924096939661"
"09/29/2026 02:13:03.694","1.2142982363697152337"
"09/29/2026 02:13:04.707","3.3265222544170969243"
"09/29/2026 02:13:05.708","3.6189790069129812444"
"09/29/2026 02:13:06.723","2.4090901032751355082"
"09/29/2026 02:13:07.725","2.7704713857418239442"
"09/29/2026 02:13:08.741","3.9883513355492450358"
"09/29/2026 02:13:09.741","4.9271049545121847757"
"09/29/2026 02:13:10.752","1.1563927304205190438"
"09/29/2026 02:13:11.756","0.96004362720695235467"
"09/29/2026 02:13:12.771","2.5221631341029282503"
"09/29/2026 02:13:13.782","4.7150056281929142443"
"09/29/2026 02:13:14.798","2.7548654733649202697"
"09/29/2026 02:13:15.810","2.6679634705253807425"
"09/29/2026 02:13:16.823","8.2630702722771847135"
"09/29/2026 02:13:17.823","2.9315825409821916203"
"09/29/2026 02:13:18.838","6.8861385109721284792"
"09/29/2026 02:13:19.850","1.1867666946439814346"
"09/29/2026 02:13:20.850","1.0128487909181305149"
"09/29/2026 02:13:21.865","2.8711321425419544795"
"09/29/2026 02:13:22.878","2.4841315387098883427"
"09/29/2026 02:13:23.894","3.4622844533689245416"
"09/29/2026 02:13:24.907","3.3137388813548329658"
"09/29/2026 02:13:25.907","4.7684565288335978295"
"09/29/2026 02:13:26.920","0.79032498595313915857"
"09/29/2026 02:13:27.935","9.8254768694967076215"
"09/29/2026 02:13:28.945","1.1772371721609498074"
"09/29/2026 02:13:29.960","1.3362604250527598815"
"09/29/2026 02:13:30.967","9.9158627718672569529"
"09/29/2026 02:13:31.980","3.0275290484047090445"
"09/29/2026 02:13:32.993","1.4477355134675518045"
"09/29/2026 02:13:34.007","5.4578784788867569233"
"09/29/2026 02:13:35.021","2.234329448256056061"
"09/29/2026 02:13:36.038","2.1065368373507031841"
"09/29/2026 02:13:37.047","4.2064102842298449758"
"09/29/2026 02:13:38.049","4.0326773508579822902"
"09/29/2026 02:13:39.061","1.6522289822025193473"
"09/29/2026 02:13:40.062","3.9736796821272069025"
"09/29/2026 02:13:41.063","7.4619302624497567678"
"09/29/2026 02:13:42.078","3.2729902443178859883"
"09/29/2026 02:13:43.093","3.2962490327109517096"
"09/29/2026 02:13:44.106","6.3975214097456101214"
"09/29/2026 02:13:45.108","2.2487079962863587568"
"09/29/2026 02:13:46.123","3.9442375282734865038"
"09/29/2026 02:13:47.126","4.1301878965108063113"
"09/29/2026 02:13:48.139","0.34389795188983773855"
"09/29/2026 02:13:49.153","16.667601838485346377"
"09/29/2026 02:13:50.153","0"
"09/29/2026 02:13:51.161","3.4750066216924113682"
"09/29/2026 02:13:52.164","4.820205147321554584"
"09/29/2026 02:13:53.177","3.5413230192807065855"
"09/29/2026 02:13:54.191","0.71514933066524344341"
"09/29/2026 02:13:55.203","7.4973121021410076281"
"09/29/2026 02:13:56.219","1.6519687570287433509"
"09/29/2026 02:13:57.233","2.8442831792707012895"
"09/29/2026 02:13:58.235","2.4735966534156439423"
"09/29/2026 02:13:59.244","5.8507132786036253336"
"09/29/2026 02:14:00.247","9.3896674325910751691"
"09/29/2026 02:14:01.256","4.1669291098024752174"
"09/29/2026 02:14:02.261","6.7276198768963730856"
"09/29/2026 02:14:03.267","7.1406372093240406684"
"09/29/2026 02:14:04.271","6.9286857177037086686"
"09/29/2026 02:14:05.285","0"
"09/29/2026 02:14:06.300","3.5566004327415856601"
"09/29/2026 02:14:07.316","2.8591161905571205182"
"09/29/2026 02:14:08.331","6.5144664574487869402"
"09/29/2026 02:14:09.344","0"
"09/29/2026 02:14:10.358","2.3470604153074114961"
"09/29/2026 02:14:11.373","4.9859685227423451437"
"09/29/2026 02:14:12.374","2.793461074131686761"
"09/29/2026 02:14:13.388","6.9484247899769364665"
"09/29/2026 02:14:14.389","4.9900390671400174369"
"09/29/2026 02:14:15.391","11.836184202642085594"
"09/29/2026 02:14:16.397","0"
"09/29/2026 02:14:17.408","1.4558721674570063165"
"09/29/2026 02:14:18.409","4.6015833643560881683"
"09/29/2026 02:14:19.415","3.5614149067155875805"
"09/29/2026 02:14:20.427","1.955762512252590124"
"09/29/2026 02:14:21.441","3.0307881542593784197"
"09/29/2026 02:14:22.457","4.0963813215481703622"
"09/29/2026 02:14:23.460","11.801863876115881169"
"09/29/2026 02:14:24.463","0"
"09/29/2026 02:14:25.463","4.3008802232066711824"
"09/29/2026 02:14:26.477","0"
"09/29/2026 02:14:27.492","5.4323820650988725589"
"09/29/2026 02:14:28.506","1.5538300634524104815"
"09/29/2026 02:14:29.508","2.6555171948798306225"
"09/29/2026 02:14:30.508","2.550393389248828413"
"09/29/2026 02:14:31.521","4.677445661402945376"
"09/29/2026 02:14:32.534","0.78589484042995705337"
"09/29/2026 02:14:33.547","2.363848760090847545"
"09/29/2026 02:14:34.561","6.4172191866031731422"
"09/29/2026 02:14:35.573","9.2650644650207336639"
"09/29/2026 02:14:36.585","3.6985487335384537033"
"09/29/2026 02:14:37.598","0.69847556776869712536"
"09/29/2026 02:14:38.612","4.09295129838276317"
"09/29/2026 02:14:39.626","2.136840696358122127"
"09/29/2026 02:14:40.636","6.3280900566416331543"
"09/29/2026 02:14:41.650","1.8267295393105786872"
"09/29/2026 02:14:42.665","4.5783043701920096424"
"09/29/2026 02:14:43.679","1.9984437959383982708"
"09/29/2026 02:14:44.695","4.8847190715427091234"
"09/29/2026 02:14:45.708","11.785245062148907991"
"09/29/2026 02:14:46.708","0"
"09/29/2026 02:14:47.717","3.9177793237520130987"
"09/29/2026 02:14:48.730","2.8415712823817051991"
"09/29/2026 02:14:49.743","4.3616705466622773812"
"09/29/2026 02:14:50.755","2.6675405606260915725"
"09/29/2026 02:14:51.770","6.6701700142368647306"
"09/29/2026 02:14:52.785","1.2902217770816459819"
"09/29/2026 02:14:53.795","4.4470136241017925727"
"09/29/2026 02:14:54.810","4.3009462377286862278"
"09/29/2026 02:14:55.817","11.007650395255186737"
"09/29/2026 02:14:56.832","0"
"09/29/2026 02:14:57.834","3.0914526003174014335"
"09/29/2026 02:14:58.837","6.1593691128830290182"
"09/29/2026 02:14:59.841","3.0193120949245755291"
"09/29/2026 02:15:00.847","8.0487012886974795833"
"09/29/2026 02:15:01.849","7.1598702148097821407"
"09/29/2026 02:15:02.850","3.1647532052293758653"
"09/29/2026 02:15:03.853","3.4757634779868928909"
"09/29/2026 02:15:04.866","8.8655793181333546471"
"09/29/2026 02:15:05.880","2.8294470781317859753"
"09/29/2026 02:15:06.895","11.733987280234858375"
"09/29/2026 02:15:07.911","11.905758906562702748"
"09/29/2026 02:15:08.923","5.1248051810118493421"
"09/29/2026 02:15:09.933","2.3045428553074009947"
"09/29/2026 02:15:10.947","3.7816539197421783491"
"09/29/2026 02:15:11.964","7.0941663144159061716"
"09/29/2026 02:15:12.971","10.005414157227288996"
"09/29/2026 02:15:13.977","8.0195285336956079192"
"09/29/2026 02:15:14.983","7.3856708733967764147"
"09/29/2026 02:15:15.995","10.161634051262403489"
"09/29/2026 02:15:17.004","6.5233469916244573028"
"09/29/2026 02:15:18.008","9.565492651798168211"
"09/29/2026 02:15:19.014","10.705851122394992814"
"09/29/2026 02:15:20.020","9.0432718028374381447"
"09/29/2026 02:15:21.025","7.5117265804147459463"
"09/29/2026 02:15:22.029","10.088752034064773611"
"09/29/2026 02:15:23.033","9.2887911802481468726"
"09/29/2026 02:15:24.039","12.42771646465673463"
"09/29/2026 02:15:25.044","5.8698296685664281824"
"09/29/2026 02:15:26.052","5.3568116770671299065"
"09/29/2026 02:15:27.058","10.062257396364138629"
"09/29/2026 02:15:28.067","8.7508789673055424885"
"09/29/2026 02:15:29.075","10.414098580576137465"
"09/29/2026 02:15:30.080","8.5562459619680240053"
"09/29/2026 02:15:31.086","7.9667297022255283423"
"09/29/2026 02:15:32.094","8.1169021289164469124"
"09/29/2026 02:15:33.102","8.723916512997275774"
"09/29/2026 02:15:34.108","6.4636893955532066514"
"09/29/2026 02:15:35.113","6.6009088917054592471"
"09/29/2026 02:15:36.122","7.7889859597010557835"
"09/29/2026 02:15:37.132","8.8574981765517701859"
"09/29/2026 02:15:38.140","8.1842654147343374404"
"09/29/2026 02:15:39.147","9.5409767748220080108"
"09/29/2026 02:15:40.155","11.101817184775219616"
"09/29/2026 02:15:41.161","9.3267638088460280699"
"09/29/2026 02:15:42.168","8.4466625028415620591"
"09/29/2026 02:15:43.174","4.3165017238898428786"
"09/29/2026 02:15:44.179","8.8242762179241864828"
"09/29/2026 02:15:45.187","9.9913733143622955879"
"09/29/2026 02:15:46.196","8.3723587347816810222"
"09/29/2026 02:15:47.204","5.840434502724578536"
"09/29/2026 02:15:48.216","13.379272102011285028"
"09/29/2026 02:15:49.225","4.5765830690309812212"
"09/29/2026 02:15:50.233","8.3782306357370721628"
"09/29/2026 02:15:51.241","8.8434119448771220107"
"09/29/2026 02:15:52.252","7.7728685603783436164"
"09/29/2026 02:15:53.258","9.1966329414045375756"
"09/29/2026 02:15:54.262","7.3703303007656373325"
"09/29/2026 02:15:55.270","8.6114820356115941991"
"09/29/2026 02:15:56.274","5.8931530583375080212"
"09/29/2026 02:15:57.279","9.2379121076090253695"
"09/29/2026 02:15:58.286","8.1553692999198350577"
"09/29/2026 02:15:59.292","8.6114453360681473271"
"09/29/2026 02:16:00.303","13.652924966246837712"
"09/29/2026 02:16:01.308","13.174069498193908601"
"09/29/2026 02:16:02.316","11.205459109782744065"
"09/29/2026 02:16:03.327","10.749024028546273257"
"09/29/2026 02:16:04.338","9.0156797095850453871"
"09/29/2026 02:16:05.342","6.4426442869353621745"
"09/29/2026 02:16:06.354","10.032420329102221146"
"09/29/2026 02:16:07.365","9.9139728855891959824"
"09/29/2026 02:16:08.373","7.3459385211962491269"
"09/29/2026 02:16:09.383","10.754068408248262045"
"09/29/2026 02:16:10.393","9.0308278432155493221"
"09/29/2026 02:16:11.402","7.2261142994444416132"
"09/29/2026 02:16:12.415","12.513595771853081473"
"09/29/2026 02:16:13.426","7.0461910980337165711"
"09/29/2026 02:16:14.433","9.2829650570008475086"
"09/29/2026 02:16:15.443","5.9790569832145701312"
"09/29/2026 02:16:16.447","9.7121953710850519315"
"09/29/2026 02:16:17.456","6.9643335102841934514"
"09/29/2026 02:16:18.461","8.2109073809981776293"
"09/29/2026 02:16:19.469","7.9523609291881403038"
"09/29/2026 02:16:20.475","9.5590064693529601669"
"09/29/2026 02:16:21.478","5.3434045743399494199"
"09/29/2026 02:16:22.483","7.1976474302663850935"
"09/29/2026 02:16:23.491","9.2660792791494301923"
"09/29/2026 02:16:24.497","9.0461720312025271085"
"09/29/2026 02:16:25.506","6.3457672743452491204"
"09/29/2026 02:16:26.514","9.5203706521667985641"
"09/29/2026 02:16:27.521","6.9463668635764257431"
"09/29/2026 02:16:28.530","7.5773012272213886575"
"09/29/2026 02:16:29.542","8.6793520779497868034"
"09/29/2026 02:16:30.550","7.1231136386273430361"
"09/29/2026 02:16:31.557","8.067603155436220419"
"09/29/2026 02:16:32.566","8.0357716382011386003"
"09/29/2026 02:16:33.572","9.7306579560991544042"
"09/29/2026 02:16:34.580","7.8800325937556703337"
"09/29/2026 02:16:35.589","8.1637716728024116719"
"09/29/2026 02:16:36.590","7.6198503692139540888"
"09/29/2026 02:16:37.592","9.021334200539932624"
"09/29/2026 02:16:38.602","9.1329112168603625577"
"09/29/2026 02:16:39.607","9.9163820879012654075"
"09/29/2026 02:16:40.612","8.6144494293450506461"
"09/29/2026 02:16:41.622","7.8326400244251193072"
"09/29/2026 02:16:42.634","7.8293818977192675135"
"09/29/2026 02:16:43.646","8.732993046906434742"
"09/29/2026 02:16:44.654","10.977711170354432113"
"09/29/2026 02:16:45.667","9.3989223884839550038"
"09/29/2026 02:16:46.673","6.1269959633062480719"
"09/29/2026 02:16:47.681","7.1777057483339179456"
"09/29/2026 02:16:48.691","9.3472681563775523728"
"09/29/2026 02:16:49.697","7.7214065053256781823"
"09/29/2026 02:16:50.700","9.493593370114428609"
"09/29/2026 02:16:51.711","7.2104105426822773239"
"09/29/2026 02:16:52.720","8.8206917687433055164"
"09/29/2026 02:16:53.729","7.071276182482078454"
"09/29/2026 02:16:54.736","8.5956405758923821736"
"09/29/2026 02:16:55.747","7.9134214275102365832"
"09/29/2026 02:16:56.756","7.9243776566096375547"
"09/29/2026 02:16:57.763","9.4394477739768500868"
"09/29/2026 02:16:58.775","7.0884265963305210789"
"09/29/2026 02:16:59.786","6.8660462266285859911"
"09/29/2026 02:17:00.794","9.5933169592049338803"
"09/29/2026 02:17:01.804","10.961854029446049807"
"09/29/2026 02:17:02.814","11.467819442665804885"
"09/29/2026 02:17:03.823","8.4963207487740781687"
"09/29/2026 02:17:04.829","11.71018632790684677"
"09/29/2026 02:17:05.837","9.4007221863768535286"
"09/29/2026 02:17:06.844","6.3807413165848370085"
"09/29/2026 02:17:07.850","8.4864287323297311616"
"09/29/2026 02:17:08.853","7.3339734917750369902"
"09/29/2026 02:17:09.861","7.7029445072377633608"
"09/29/2026 02:17:10.872","10.670112972134537799"
"09/29/2026 02:17:11.880","6.8288121315240202236"
"09/29/2026 02:17:12.886","7.8308669210322534582"
"09/29/2026 02:17:13.895","8.5494270072898554957"
"09/29/2026 02:17:14.906","11.673604887576892963"
"09/29/2026 02:17:15.907","13.317239435370476386"
"09/29/2026 02:17:16.914","14.496255597331121123"
"09/29/2026 02:17:17.925","11.043163572033719788"
"09/29/2026 02:17:18.935","12.560806917225731283"
"09/29/2026 02:17:19.937","13.609510197871376391"
"09/29/2026 02:17:20.941","13.8058327926405493"
"09/29/2026 02:17:21.952","9.3337978742304983371"
"09/29/2026 02:17:22.962","8.584565551959499885"
"09/29/2026 02:17:23.973","6.8214793297212246159"
"09/29/2026 02:17:24.981","7.6827717162752389157"
"09/29/2026 02:17:25.987","6.8257145921068351768"
"09/29/2026 02:17:26.996","7.1459587077290942503"
"09/29/2026 02:17:28.003","9.700207395446192038"
"09/29/2026 02:17:29.008","7.4665366648747681921"
"09/29/2026 02:17:30.015","8.589695413757292286"
"09/29/2026 02:17:31.021","6.4906510550569507245"
"09/29/2026 02:17:32.033","7.8208488452641837796"
"09/29/2026 02:17:33.040","8.5437785784268633904"
"09/29/2026 02:17:34.044","6.1865911699990450145"
"09/29/2026 02:17:35.051","7.8759282385459599141"
"09/29/2026 02:17:36.063","5.1227991966693036119"
"09/29/2026 02:17:37.073","10.318050413670331267"
"09/29/2026 02:17:38.080","6.7354664915029953676"
"09/29/2026 02:17:39.092","4.7424435299307283742"
"09/29/2026 02:17:40.107","7.2199559902667687084"
"09/29/2026 02:17:41.120","4.9632767613860595546"
"09/29/2026 02:17:42.123","7.3461824881571828882"
"09/29/2026 02:17:43.128","8.8655850112324241508"
"09/29/2026 02:17:44.143","5.7310500962556076843"
"09/29/2026 02:17:45.149","10.670395471822381239"
"09/29/2026 02:17:46.160","1.401646640954279377"
"09/29/2026 02:17:47.165","4.9138490450249321384"
"09/29/2026 02:17:48.170","8.1050419532784356846"
"09/29/2026 02:17:49.184","4.363624632645313639"
"09/29/2026 02:17:50.187","10.979695622700191393"
"09/29/2026 02:17:51.194","7.8503760939940931962"
"09/29/2026 02:17:52.201","8.8266553864774230931"
"09/29/2026 02:17:53.209","7.2670996892637118592"
"09/29/2026 02:17:54.215","9.5121413865769337548"
"09/29/2026 02:17:55.221","11.690474042930743437"
"09/29/2026 02:17:56.227","12.940264353480912973"
"09/29/2026 02:17:57.235","9.1216001524377698928"
"09/29/2026 02:17:58.247","7.9590052145612215639"
"09/29/2026 02:17:59.252","9.0915840598749912971"
"09/29/2026 02:18:00.260","9.457776471966660381"
"09/29/2026 02:18:01.267","8.3836364106162122312"
"09/29/2026 02:18:02.274","11.534756967631942359"
"09/29/2026 02:18:03.286","8.4793273084796343397"
"09/29/2026 02:18:04.293","6.4268606840536257607"
"09/29/2026 02:18:05.303","8.7302538058803502707"
"09/29/2026 02:18:06.312","7.7536819424378506938"
"09/29/2026 02:18:07.323","9.0312755124760677461"
"09/29/2026 02:18:08.328","9.4017831644265363877"
"09/29/2026 02:18:09.331","9.1778872564518323429"
"09/29/2026 02:18:10.338","7.2419887386098391602"
"09/29/2026 02:18:11.344","9.8897773050863122535"
"09/29/2026 02:18:12.352","7.3004674245530249976"
"09/29/2026 02:18:13.362","7.8791322836761708004"
"09/29/2026 02:18:14.371","8.4883429773865870516"
"09/29/2026 02:18:15.380","8.4400558067692088571"
"09/29/2026 02:18:16.385","8.3342976954514860211"
"09/29/2026 02:18:17.389","7.2972002385082390674"
"09/29/2026 02:18:18.395","8.5465803856321631571"
"09/29/2026 02:18:19.400","6.6465421842446970047"
"09/29/2026 02:18:20.408","11.803760536070173615"
"09/29/2026 02:18:21.412","8.1248041171670948302"
"09/29/2026 02:18:22.415","7.7260886310013159317"
"09/29/2026 02:18:23.422","9.5329531255420203451"
"09/29/2026 02:18:24.427","9.6755800977055823608"
"09/29/2026 02:18:25.433","5.8498179991907539588"
"09/29/2026 02:18:26.440","8.9440332633063270862"
"09/29/2026 02:18:27.450","7.8742701692337995212"
"09/29/2026 02:18:28.452","11.952059432914662551"
"09/29/2026 02:18:29.464","7.164556296563329596"
"09/29/2026 02:18:30.474","8.4767032576690723999"
"09/29/2026 02:18:31.480","7.1383452035557741766"
"09/29/2026 02:18:32.485","9.3102606731598100964"
"09/29/2026 02:18:33.494","12.26662634482251768"
"09/29/2026 02:18:34.502","6.8037270846750486086"
"09/29/2026 02:18:35.508","5.5478423246904995381"
"09/29/2026 02:18:36.516","9.4392001412047736864"
"09/29/2026 02:18:37.521","7.7935519444391925248"
"09/29/2026 02:18:38.531","6.9600148792163025746"
"09/29/2026 02:18:39.539","9.9866361369410192594"
"09/29/2026 02:18:40.551","6.0991430421740826517"
"09/29/2026 02:18:41.556","8.0333872677343158841"
"09/29/2026 02:18:42.561","8.7220457330245526606"
"09/29/2026 02:18:43.566","8.4742435599696861459"
"09/29/2026 02:18:44.569","8.008747149348705463"
"09/29/2026 02:18:45.578","13.387528721029461565"
"09/29/2026 02:18:46.586","6.6421405372619641838"
"09/29/2026 02:18:47.591","6.931768340063326761"
"09/29/2026 02:18:48.603","8.683528958934939368"
"09/29/2026 02:18:49.609","8.6639827683114294388"
"09/29/2026 02:18:50.616","7.2811772587899277198"
"09/29/2026 02:18:51.625","12.02480600234508934"
"09/29/2026 02:18:52.634","10.630347095433034355"
"09/29/2026 02:18:53.641","9.416902578653818523"
"09/29/2026 02:18:54.646","5.6002118405861782691"
"09/29/2026 02:18:55.655","9.7081503143270904133"
"09/29/2026 02:18:56.664","6.6282755796946091209"
"09/29/2026 02:18:57.669","9.4792183587636085207"
"09/29/2026 02:18:58.676","6.5786774727981889299"
"09/29/2026 02:18:59.686","9.3107409204691631288"
"09/29/2026 02:19:00.697","4.581483002271424354"
"09/29/2026 02:19:01.707","6.888423976824520345"
"09/29/2026 02:19:02.712","10.637200586443762873"
"09/29/2026 02:19:03.723","9.1334808901522013258"
"09/29/2026 02:19:04.734","11.148024634230257135"
"09/29/2026 02:19:05.743","7.7630396661959704119"
"09/29/2026 02:19:06.751","11.297375168177081761"
"09/29/2026 02:19:07.756","9.7355860028519476401"
"09/29/2026 02:19:08.768","6.0788063089946557938"
"09/29/2026 02:19:09.777","8.728216513381880759"
"09/29/2026 02:19:10.784","6.3279054000112022749"
"09/29/2026 02:19:11.789","7.6391451745905891713"
"09/29/2026 02:19:12.794","7.3184309801603841805"
"09/29/2026 02:19:13.803","5.2523697584559432272"
"09/29/2026 02:19:14.809","12.306834500406472088"
"09/29/2026 02:19:15.812","6.4535560324304626079"
"09/29/2026 02:19:16.822","9.1175780089461699873"
"09/29/2026 02:19:17.827","8.5000600198154927511"
"09/29/2026 02:19:18.836","7.2246971937934940655"
"09/29/2026 02:19:19.839","6.7921029065956872728"
"09/29/2026 02:19:20.848","6.8893340099349442696"
"09/29/2026 02:19:21.852","6.7168874099599706895"
"09/29/2026 02:19:22.861","7.0967389022966838041"
"09/29/2026 02:19:23.864","12.094324056863559491"
"09/29/2026 02:19:24.869","11.291291392913526792"
"09/29/2026 02:19:25.872","7.4306701251420577137"
"09/29/2026 02:19:26.881","2.974547590561660293"
"09/29/2026 02:19:27.884","13.109980545689525755"
"09/29/2026 02:19:28.893","3.3901491029579733372"
"09/29/2026 02:19:29.901","9.1839533951090004393"
"09/29/2026 02:19:30.909","9.6788224379215535009"
"09/29/2026 02:19:31.913","6.1822813209129634515"
"09/29/2026 02:19:32.921","9.1990729098934131969"
"09/29/2026 02:19:33.929","8.5532188193625522388"
"09/29/2026 02:19:34.936","8.2578250293963595396"
"09/29/2026 02:19:35.945","7.1462340589384387712"
"09/29/2026 02:19:36.952","7.189075180702930723"
"09/29/2026 02:19:37.959","10.671155052442271582"
"09/29/2026 02:19:38.963","10.091326033131785778"
"09/29/2026 02:19:39.978","13.609817402961377653"
"09/29/2026 02:19:40.983","10.459336226068426612"
"09/29/2026 02:19:41.988","11.979474343426710803"
"09/29/2026 02:19:42.995","9.5942932500194029188"
"09/29/2026 02:19:44.004","11.306274546703665607"
"09/29/2026 02:19:45.009","8.0998770159491311205"
"09/29/2026 02:19:46.015","7.2246964927588086525"
"09/29/2026 02:19:47.017","8.0533175559891034823"
"09/29/2026 02:19:48.024","8.5857764285306110708"
"09/29/2026 02:19:49.030","7.3915757460891189368"
"09/29/2026 02:19:50.039","8.2699419108201883688"
"09/29/2026 02:19:51.044","8.9284420888249620418"
"09/29/2026 02:19:52.051","5.7919747244549846243"
"09/29/2026 02:19:53.055","8.2301354764601768466"
"09/29/2026 02:19:54.062","9.8045540495447554008"
"09/29/2026 02:19:55.071","5.1165214411824866403"
"09/29/2026 02:19:56.080","10.548659147554140247"
"09/29/2026 02:19:57.090","10.21468458054492956"
"09/29/2026 02:19:58.094","5.5473362764747342624"
"09/29/2026 02:19:59.103","8.531005727037044295"
"09/29/2026 02:20:00.107","8.2687694862796590201"
"09/29/2026 02:20:01.117","7.2810919435857490711"
"09/29/2026 02:20:02.123","8.249702191706054677"
"09/29/2026 02:20:03.134","9.481429422046483424"
"09/29/2026 02:20:04.146","11.180556008335361895"
"09/29/2026 02:20:05.152","11.815495918073271042"
"09/29/2026 02:20:06.157","11.025648452649095432"
"09/29/2026 02:20:07.160","8.1547339059123036265"
"09/29/2026 02:20:08.172","9.5339076646837597195"
"09/29/2026 02:20:09.180","10.314192028477398466"
"09/29/2026 02:20:10.184","2.2215527295217363246"
"09/29/2026 02:20:11.190","10.042640113818389835"
"09/29/2026 02:20:12.197","9.8026962108768387338"
"09/29/2026 02:20:13.209","8.885608853170889887"
"09/29/2026 02:20:14.215","5.1153257462213215234"
"09/29/2026 02:20:15.222","10.502675558110674103"
"09/29/2026 02:20:16.226","4.7437005687110067598"
"09/29/2026 02:20:17.229","8.1444475952801802521"
"09/29/2026 02:20:18.245","6.4234905469611858209"
"09/29/2026 02:20:19.260","6.7970061179380536487"
"09/29/2026 02:20:20.264","7.9237282480452364553"
"09/29/2026 02:20:21.266","8.667904696451223856"
"09/29/2026 02:20:22.270","5.3086089775436384741"
"09/29/2026 02:20:23.279","8.9096297053782755881"
"09/29/2026 02:20:24.280","6.7296192702542505515"
"09/29/2026 02:20:25.294","3.729716793703663491"
"09/29/2026 02:20:26.307","3.3884556909169694094"
"09/29/2026 02:20:27.321","11.140564092252136064"
"09/29/2026 02:20:28.326","6.3286531274855288842"
"09/29/2026 02:20:29.328","6.2569032340338619491"
"09/29/2026 02:20:30.340","3.9364610940989974708"
"09/29/2026 02:20:31.354","2.3616622161671929625"
"09/29/2026 02:20:32.367","1.6228430790138137496"
"09/29/2026 02:20:33.368","4.9340896874046746845"
"09/29/2026 02:20:34.380","1.8900993680510680406"
"09/29/2026 02:20:35.392","2.3971171464620133484"
"09/29/2026 02:20:36.403","5.4868558849619164519"
"09/29/2026 02:20:37.418","2.9950882410657020394"
"09/29/2026 02:20:38.434","6.766692620974678718"
"09/29/2026 02:20:39.449","0.52739608759324596576"
"09/29/2026 02:20:40.460","4.1768886228317310128"
"09/29/2026 02:20:41.472","1.0341232931538102413"
"09/29/2026 02:20:42.486","4.2493069021361407067"
"09/29/2026 02:20:43.487","6.3190803101792702989"
"09/29/2026 02:20:44.502","3.7457473193583390447"
"09/29/2026 02:20:45.506","5.9556676395033036897"
"09/29/2026 02:20:46.521","1.5784244315444784235"
"09/29/2026 02:20:47.522","1.0433359568962852215"
"09/29/2026 02:20:48.531","4.8076831635147758703"
"09/29/2026 02:20:49.539","1.2812702471591053133"
"09/29/2026 02:20:50.543","4.7500378707109325305"
"09/29/2026 02:20:51.557","4.4896047718225862155"
"09/29/2026 02:20:52.573","1.4475034278880860583"
"09/29/2026 02:20:53.578","4.8524650011189667254"
"09/29/2026 02:20:54.592","4.3361986062941282327"
"09/29/2026 02:20:55.596","5.4132731931558435434"
"09/29/2026 02:20:56.610","1.9083752684772803399"
"09/29/2026 02:20:57.624","3.3344951794894495123"
"09/29/2026 02:20:58.637","3.4503730989104308691"
"09/29/2026 02:20:59.641","2.3544334501876540422"
"09/29/2026 02:21:00.649","7.577482824307447018"
"09/29/2026 02:21:01.660","5.4910990108957280498"
"09/29/2026 02:21:02.675","0.7541377508758717596"
"09/29/2026 02:21:03.678","5.0085899642030025092"
"09/29/2026 02:21:04.682","6.563662879784216031"
"09/29/2026 02:21:05.685","7.3236900959023802926"
"09/29/2026 02:21:06.696","5.7362609695307487101"
"09/29/2026 02:21:07.697","0"
"09/29/2026 02:21:08.711","3.4772684453133750893"
"09/29/2026 02:21:09.725","2.4554309659220674433"
"09/29/2026 02:21:10.740","0.7444158463789540825"
"09/29/2026 02:21:11.751","4.3977852016631739929"
"09/29/2026 02:21:12.763","5.6029133204153369618"
"09/29/2026 02:21:13.776","2.9923984441252993172"
"09/29/2026 02:21:14.786","1.6245095651676533244"
"09/29/2026 02:21:15.788","2.511245429228048387"
"09/29/2026 02:21:16.799","3.794906469047809594"
"09/29/2026 02:21:17.812","3.8785573114532900796"
"09/29/2026 02:21:18.827","3.4188212794517780502"
"09/29/2026 02:21:19.842","4.8350486706103312784"
"09/29/2026 02:21:20.857","1.436445530132945958"
"09/29/2026 02:21:21.870","5.6344801619126361203"
"09/29/2026 02:21:22.885","2.7004209010209723196"
"09/29/2026 02:21:23.900","0.83689251155338872934"
"09/29/2026 02:21:24.914","1.5777392325140304763"
"09/29/2026 02:21:25.927","3.570468222457845453"
"09/29/2026 02:21:26.941","1.6744689595520001468"
"09/29/2026 02:21:27.951","6.0720352074533856523"
"09/29/2026 02:21:28.960","0.13747524152548651344"
"09/29/2026 02:21:29.973","4.710636077448215886"
"09/29/2026 02:21:30.982","3.8092467270374963384"
"09/29/2026 02:21:31.996","2.9319014803529053204"
"09/29/2026 02:21:33.012","8.5331208838444805309"
"09/29/2026 02:21:34.026","0.30559072673344012117"
"09/29/2026 02:21:35.042","5.4195653288685026183"
"09/29/2026 02:21:36.055","0"
"09/29/2026 02:21:37.069","6.0785702953554903161"
"09/29/2026 02:21:38.084","1.0784051444030384737"
"09/29/2026 02:21:39.098","5.2863019593444864341"
"09/29/2026 02:21:40.107","3.8772354278779119774"
"09/29/2026 02:21:41.117","2.2481253909559462123"
"09/29/2026 02:21:42.129","5.1888823406526896065"
"09/29/2026 02:21:43.130","2.3122720884804048858"
"09/29/2026 02:21:44.144","6.662725250597256732"
"09/29/2026 02:21:45.145","0"
"09/29/2026 02:21:46.159","3.3702540789777635233"
"09/29/2026 02:21:47.172","8.0034316502987206121"
"09/29/2026 02:21:48.174","3.1103020858817109762"
"09/29/2026 02:21:49.189","4.4306243005091445752"
"09/29/2026 02:21:50.203","5.5827759413444528747"
"09/29/2026 02:21:51.215","4.5228640746928334693"
"09/29/2026 02:21:52.230","5.2673215278623342073"
"09/29/2026 02:21:53.232","3.1965767357942320714"
"09/29/2026 02:21:54.247","0.35379426062489560678"
"09/29/2026 02:21:55.261","4.6060644426406565088"
"09/29/2026 02:21:56.275","0"
"09/29/2026 02:21:57.289","5.317268868953528127"
"09/29/2026 02:21:58.299","4.8537732140703564454"
"09/29/2026 02:21:59.316","9.356288986505346017"
"09/29/2026 02:22:00.324","0"
"09/29/2026 02:22:01.335","5.4767231797778421765"
"09/29/2026 02:22:02.350","1.6925627459174696909"
"09/29/2026 02:22:03.351","1.8136167123803725865"
"09/29/2026 02:22:04.354","8.7384380768249840798"
"09/29/2026 02:22:05.365","10.344135071939863479"
"09/29/2026 02:22:06.370","7.2486755484419855833"
"09/29/2026 02:22:07.371","4.1591363055289214401"
"09/29/2026 02:22:08.375","4.8291044872048498604"
"09/29/2026 02:22:09.376","2.0620759405161726008"
"09/29/2026 02:22:10.390","4.2225419556444769853"
"09/29/2026 02:22:11.401","4.5218327753442473238"
"09/29/2026 02:22:12.417","0"
"09/29/2026 02:22:13.432","5.1985826677786501904"
"09/29/2026 02:22:14.433","5.7578874472575147792"
"09/29/2026 02:22:15.444","0"
"09/29/2026 02:22:16.445","3.3477208715747219792"
"09/29/2026 02:22:17.461","13.700587352611581338"
"09/29/2026 02:22:18.462","5.2671027364618039357"
"09/29/2026 02:22:19.476"," "
"09/29/2026 02:22:20.485","5.681290311208742061"
"09/29/2026 02:22:21.489","4.770477657566818408"
"09/29/2026 02:22:22.490","0.64828837567169061984"
"09/29/2026 02:22:23.491","4.9215446888907887768"
"09/29/2026 02:22:24.497","8.3545188690527627529"
"09/29/2026 02:22:25.510","3.5838735022394985208"
"09/29/2026 02:22:26.514","9.8428664963976952862"
"09/29/2026 02:22:27.525","0"
"09/29/2026 02:22:28.528","6.6137596484950762488"
"09/29/2026 02:22:29.543","1.3118508419422858502"
"09/29/2026 02:22:30.556","4.6105477313852833987"
"09/29/2026 02:22:31.567","0.16157804262962871533"
"09/29/2026 02:22:32.568","1.0717586466543194135"
"09/29/2026 02:22:33.581","5.2810295636673050268"
"09/29/2026 02:22:34.592","6.2165534111751181712"
"09/29/2026 02:22:35.606","2.1339930938594320331"
"09/29/2026 02:22:36.609","8.0506029636256855042"
"09/29/2026 02:22:37.611","4.9273435425687628353"
"09/29/2026 02:22:38.625","6.0721190711366501702"
"09/29/2026 02:22:39.639","0.71980112995776446283"
"09/29/2026 02:22:40.653","3.9105161419979217463"
"09/29/2026 02:22:41.667","6.3597078613913948786"
"09/29/2026 02:22:42.676","3.5296504594126809629"
"09/29/2026 02:22:43.682","3.178216355229845913"
"09/29/2026 02:22:44.692","12.383093280280533577"
"09/29/2026 02:22:45.693","4.6747688149125004031"
"09/29/2026 02:22:46.698","7.4702612695772163676"
"09/29/2026 02:22:47.700","7.2584251761621416676"
"09/29/2026 02:22:48.704","8.516333480695493563"
"09/29/2026 02:22:49.719","6.6305888916490696161"
"09/29/2026 02:22:50.728","6.87361548748768314"
"09/29/2026 02:22:51.731","6.8244402713973357777"
"09/29/2026 02:22:52.734","9.096432233688233282"
"09/29/2026 02:22:53.737","9.6055239927137829881"
"09/29/2026 02:22:54.744","4.6172047410218404195"
"09/29/2026 02:22:55.758","2.075875473132360316"
"09/29/2026 02:22:56.764","8.6766305308864204449"
"09/29/2026 02:22:57.775","7.1540538398039750234"
"09/29/2026 02:22:58.782","9.1533927964607908478"
"09/29/2026 02:22:59.786","6.3651083926566602855"
"09/29/2026 02:23:00.794","7.029640140743742549"
"09/29/2026 02:23:01.809","3.5709801860986378763"
"09/29/2026 02:23:02.810","6.7358597099865917812"
"09/29/2026 02:23:03.821","8.6188372016651086938"
"09/29/2026 02:23:04.835","10.38367532204827981"
"09/29/2026 02:23:05.843","12.005421459686772323"
"09/29/2026 02:23:06.850","10.125095193431866036"
"09/29/2026 02:23:07.856","7.0342725774533043648"
"09/29/2026 02:23:08.862","14.938453268896967785"
"09/29/2026 02:23:09.870","7.3137014872451384662"
"09/29/2026 02:23:10.873","4.2016155788472957511"
"09/29/2026 02:23:11.880","7.5786080799756128101"
"09/29/2026 02:23:12.889","6.8144670693606528289"
"09/29/2026 02:23:13.905","7.5871762629904804243"
"09/29/2026 02:23:14.917","5.2248352525863461793"
"09/29/2026 02:23:15.924","9.8820140339057509493"
"09/29/2026 02:23:16.926","7.0091005815798190781"
"09/29/2026 02:23:17.933","8.2665709442854016231"
"09/29/2026 02:23:18.942","9.5610379362797139891"
"09/29/2026 02:23:19.950","6.9309888084467026204"
"09/29/2026 02:23:20.967","7.1149212337434653008"
"09/29/2026 02:23:21.972","8.1232166831376240168"
"09/29/2026 02:23:22.978","5.1537565940574570078"
"09/29/2026 02:23:23.984","9.0659339293782679192"
"09/29/2026 02:23:24.990","6.7646368118402966374"
"09/29/2026 02:23:25.998","8.3700924123345394889"
"09/29/2026 02:23:27.000","2.4309336367639211574"
"09/29/2026 02:23:28.002","13.232767641758236721"
"09/29/2026 02:23:29.010","4.0270532298098959956"
"09/29/2026 02:23:30.013","5.3848622764995912604"
"09/29/2026 02:23:31.022","8.9688566683627346521"
"09/29/2026 02:23:32.027","8.1464992222306857883"
"09/29/2026 02:23:33.043","0.83708826791550894342"
"09/29/2026 02:23:34.052","8.6919137745755765678"
"09/29/2026 02:23:35.056","7.3166599020014544408"
"09/29/2026 02:23:36.062","6.9607655192365118779"
"09/29/2026 02:23:37.065","12.435335136627989172"
"09/29/2026 02:23:38.070","25.522120052073983487"
"09/29/2026 02:23:39.079","25.355405370155679634"
"09/29/2026 02:23:40.084","28.172373124921968213"
"09/29/2026 02:23:41.091","19.381861636324316578"
"09/29/2026 02:23:42.104","9.3531753292798942567"
"09/29/2026 02:23:43.121","5.8909178659118266452"
"09/29/2026 02:23:44.136","3.1673931364464280591"
"09/29/2026 02:23:45.144","3.2462388461538815854"
"09/29/2026 02:23:46.153","8.2520967762715216054"
"09/29/2026 02:23:47.168","8.1238295039888779314"
"09/29/2026 02:23:48.184","5.11217944614691433"
"09/29/2026 02:23:49.196","4.3307482802001580069"
"09/29/2026 02:23:50.197","3.1838448590946422101"
"09/29/2026 02:23:51.207","2.1945733710388326543"
"09/29/2026 02:23:52.222","5.4476339126679480529"
"09/29/2026 02:23:53.223","5.8829941014605484639"
"09/29/2026 02:23:54.237","9.6865199895613596226"
"09/29/2026 02:23:55.254","4.6303227431486515542"
"09/29/2026 02:23:56.269","0"
"09/29/2026 02:23:57.282","11.742906397423414688"
"09/29/2026 02:23:58.294","3.0699771097460804015"
"09/29/2026 02:23:59.308","0"
"09/29/2026 02:24:00.320","2.3411292962599250522"
"09/29/2026 02:24:01.322","3.6112771120325515284"
"09/29/2026 02:24:02.323","2.5131414412861152741"
"09/29/2026 02:24:03.325","3.6125761756758412169"
"09/29/2026 02:24:04.339","4.3210343822206231934"
"09/29/2026 02:24:05.340","6.5709253908120546228"
"09/29/2026 02:24:06.355","3.8168561873305195675"
"09/29/2026 02:24:07.363","10.307280225288407038"
"09/29/2026 02:24:08.365","2.5317662229559223519"
"09/29/2026 02:24:09.367","3.8051813703086634355"
"09/29/2026 02:24:10.380","2.5400968727340433873"
"09/29/2026 02:24:11.393","4.4342706735284060926"
"09/29/2026 02:24:12.393","3.2071161889739796536"
"09/29/2026 02:24:13.405","7.7940577819817891125"
"09/29/2026 02:24:14.419","4.5811263402123820754"
"09/29/2026 02:24:15.420","2.5913860840756419712"
"09/29/2026 02:24:16.436","3.6774825389322307601"
"09/29/2026 02:24:17.451","2.4822509478725551801"
"09/29/2026 02:24:18.465","4.5182605440068135394"
"09/29/2026 02:24:19.479","2.3839685255982012713"
"09/29/2026 02:24:20.493","8.8535240711970057959"
"09/29/2026 02:24:21.502","0"
"09/29/2026 02:24:22.503","5.3468151488965780516"
"09/29/2026 02:24:23.505","3.6965741371962068662"
"09/29/2026 02:24:24.512","9.5750767558283591541"
"09/29/2026 02:24:25.523","0"
"09/29/2026 02:24:26.537","3.3521653946137264235"
"09/29/2026 02:24:27.544","6.3087122743252788126"
"09/29/2026 02:24:28.557","3.7101753631630707275"
"09/29/2026 02:24:29.558","2.151499657466526827"
"09/29/2026 02:24:30.560","1.5845601819261756482"
"09/29/2026 02:24:31.572","1.987218861682094051"
"09/29/2026 02:24:32.584","1.0255248438459263483"
"09/29/2026 02:24:33.601","4.2583087734895386234"
"09/29/2026 02:24:34.618","2.2835688715763469148"
"09/29/2026 02:24:35.630","4.0354909570871067004"
"09/29/2026 02:24:36.646","2.9677862662300436014"
"09/29/2026 02:24:37.659","5.809468346850144016"
"09/29/2026 02:24:38.674","6.5040817887484063675"
"09/29/2026 02:24:39.687","5.4111092818443395913"
"09/29/2026 02:24:40.688","1.0810185525104043514"
"09/29/2026 02:24:41.700","1.9438430196221490043"
"09/29/2026 02:24:42.711","4.4818815849104964855"
"09/29/2026 02:24:43.716","1.0830597366004002247"
"09/29/2026 02:24:44.731","4.8568218026176834812"
"09/29/2026 02:24:45.736","6.5007596966623726331"
"09/29/2026 02:24:46.745","3.1484156532261997619"
"09/29/2026 02:24:47.745","3.0018808626970261422"
"09/29/2026 02:24:48.760","3.4053624192441178664"
"09/29/2026 02:24:49.774","6.6523797507225035375"
"09/29/2026 02:24:50.778","3.437805803208560107"
"09/29/2026 02:24:51.782","6.1809628953871875723"
"09/29/2026 02:24:52.794","2.3316193943375473907"
"09/29/2026 02:24:53.796","6.1192112050891367403"
"09/29/2026 02:24:54.799","4.2385327153310781156"
"09/29/2026 02:24:55.810","0.42353254298576059611"
"09/29/2026 02:24:56.826","4.1310793027910408526"
"09/29/2026 02:24:57.840","3.8504845381101437951"
"09/29/2026 02:24:58.851","0"
"09/29/2026 02:24:59.864","4.9498427595040750404"
"09/29/2026 02:25:00.877","5.6347501799972494752"
"09/29/2026 02:25:01.889","0.61103116833044479606"
"09/29/2026 02:25:02.902","3.2040290422183037577"
"09/29/2026 02:25:03.902","3.4766971197411233874"
"09/29/2026 02:25:04.904","3.6637469890044016552"
"09/29/2026 02:25:05.914","4.3137817298120495479"
"09/29/2026 02:25:06.923","7.7761055751754621923"
"09/29/2026 02:25:07.932","4.910673234550833044"
"09/29/2026 02:25:08.937","6.1740177470576469432"
"09/29/2026 02:25:09.950","2.6454174715604183987"
"09/29/2026 02:25:10.961","4.3120959875086679602"
"09/29/2026 02:25:11.976","0.70718895469356057859"
"09/29/2026 02:25:12.990","2.7319402057810027173"
"09/29/2026 02:25:14.004","3.5343381948696683814"
"09/29/2026 02:25:15.017","6.5106718012249658045"
"09/29/2026 02:25:16.031","4.6506056796782662133"
"09/29/2026 02:25:17.032","2.7304744788891666119"
"09/29/2026 02:25:18.038","7.6765291554811270203"
"09/29/2026 02:25:19.039","3.8690374800455562543"
"09/29/2026 02:25:20.051","4.0800380415936032819"
"09/29/2026 02:25:21.063","3.3276493334308154814"
"09/29/2026 02:25:22.077","3.5475404426017487225"
"09/29/2026 02:25:23.090","3.9675518728898517828"
"09/29/2026 02:25:24.103","2.8856963805295121617"
"09/29/2026 02:25:25.117","3.1630561496395204202"
"09/29/2026 02:25:26.131","2.4949686325841713419"
"09/29/2026 02:25:27.138","5.0478109455059483324"
"09/29/2026 02:25:28.155","3.8037561060538571667"
"09/29/2026 02:25:29.169","2.9541089636933248741"
"09/29/2026 02:25:30.180","2.7162902801879718062"
"09/29/2026 02:25:31.194","4.3439516034001641742"
"09/29/2026 02:25:32.209","0.8130450406941047703"
"09/29/2026 02:25:33.223","4.0744787174218703996"
"09/29/2026 02:25:34.239","5.4593535959473022956"
"09/29/2026 02:25:35.252","5.3586344734695927627"
"09/29/2026 02:25:36.269","1.8860116165315021775"
"09/29/2026 02:25:37.281","4.9454673982396784027"
"09/29/2026 02:25:38.293","2.4956119626488026952"
"09/29/2026 02:25:39.295","2.8002369607191268663"
"09/29/2026 02:25:40.309","7.7847548784396920496"
"09/29/2026 02:25:41.325","3.9114353213065999881"
"09/29/2026 02:25:42.330","10.714251971988641543"
"09/29/2026 02:25:43.338","9.0814384183139473805"
"09/29/2026 02:25:44.346","8.1732697681412567192"
"09/29/2026 02:25:45.352","7.445372276567052694"
"09/29/2026 02:25:46.362","7.0874156790598830113"
"09/29/2026 02:25:47.377","8.7283227092276760573"
"09/29/2026 02:25:48.389","5.0592006669183176015"
"09/29/2026 02:25:49.401","9.5292162321575109019"
"09/29/2026 02:25:50.416","8.9939779963431050192"
"09/29/2026 02:25:51.427","5.7611164804959535957"
"09/29/2026 02:25:52.432","8.917921166675801814"
"09/29/2026 02:25:53.432","4.1078792907547345692"
"09/29/2026 02:25:54.447","6.2469656336121452966"
"09/29/2026 02:25:55.453","8.844539820685593412"
"09/29/2026 02:25:56.456","9.1193678607088823895"
"09/29/2026 02:25:57.471","7.2737885391393808376"
"09/29/2026 02:25:58.474","6.7728072566953017031"
"09/29/2026 02:25:59.489","8.9841031453222868208"
"09/29/2026 02:26:00.504","9.4732979085195516689"
"09/29/2026 02:26:01.508","8.4876520764766141269"
"09/29/2026 02:26:02.520","8.175076344013165297"
"09/29/2026 02:26:03.530","7.0156829170522687633"
"09/29/2026 02:26:04.536","8.6253393402306866022"
"09/29/2026 02:26:05.545","8.1746583183583858556"
"09/29/2026 02:26:06.559","3.8905934309465317611"
"09/29/2026 02:26:07.570","11.894448445609317133"
"09/29/2026 02:26:08.575","12.540038048326863418"
"09/29/2026 02:26:09.580","8.8610603714484916793"
"09/29/2026 02:26:10.587","8.1392546978965150117"
"09/29/2026 02:26:11.595","7.6202708523551603292"
"09/29/2026 02:26:12.600","4.2089766884016661663"
"09/29/2026 02:26:13.605","8.1185888806999955136"
"09/29/2026 02:26:14.611","9.0954521993119925583"
"09/29/2026 02:26:15.612","6.0820522195898174544"
"09/29/2026 02:26:16.618","8.9338475292379477821"
"09/29/2026 02:26:17.624","5.713165627730054652"
"09/29/2026 02:26:18.638","5.8038710950020995227"
"09/29/2026 02:26:19.640","4.6899673796936607317"
"09/29/2026 02:26:20.649","7.7747258684212061652"
"09/29/2026 02:26:21.660","11.993868922236172736"
"09/29/2026 02:26:22.665","8.912927113783219113"
"09/29/2026 02:26:23.673","7.4224737239345532913"
"09/29/2026 02:26:24.678","6.156289645182056347"
"09/29/2026 02:26:25.693","7.8382064825059938329"
"09/29/2026 02:26:26.696","9.6470617324175158558"
"09/29/2026 02:26:27.705","7.8589438929044241888"
"09/29/2026 02:26:28.714","5.4660250969168489021"
"09/29/2026 02:26:29.720","8.8500945365166945322"
"09/29/2026 02:26:30.735","9.5300093698338592674"
"09/29/2026 02:26:31.747","0.55550381609806853689"
"09/29/2026 02:26:32.753","9.7925566582043881425"
"09/29/2026 02:26:33.766","5.0567021671482077494"
"09/29/2026 02:26:34.776","2.732593690766471628"
"09/29/2026 02:26:35.787","3.3416970487260888589"
"09/29/2026 02:26:36.792","3.9994555746201809754"
